hour_of_day,day_of_week,month,lag_1h,lag_24h,lag_72h,rolling_24h_mean,rolling_24h_std,actual,predicted
14,6,5,0.9865,1.0,0.9809,0.9411874999999998,0.17120639289288045,1.0,0.9739986359469016
15,6,5,1.0,0.9652,0.9707,0.9411874999999998,0.17120639289288045,1.0,0.9805115152695609
16,6,5,1.0,1.0,0.9687,0.9426375,0.17156559352164646,0.9258,0.9785139478728662
17,6,5,0.9258,0.9792,0.9262,0.9395458333333333,0.17115502248258607,1.0,0.983477946331579
18,6,5,1.0,1.0,1.0,0.9404125,0.17141700821832642,1.0,0.9833608534886074
19,6,5,1.0,1.0,0.9742,0.9404125,0.17141700821832642,1.0,0.9794786681413569
20,6,5,1.0,0.9252,1.0,0.9404125,0.17141700821832642,1.0,0.9732896038803295
21,6,5,1.0,1.0,1.0,0.9435291666666666,0.17180794504877855,1.0,0.959742670171398
22,6,5,1.0,0.9571,1.0,0.9435291666666666,0.17180794504877855,0.7837,0.9627162437064015
23,6,5,0.7837,1.0,0.9655,0.9363041666666666,0.17483180607848997,1.0,0.9789174857661421
0,0,5,1.0,0.1544,0.1573,0.9363041666666666,0.17483180607848997,0.1,0.15444496397655852
1,0,5,0.1,1.0,0.9981,0.9340375000000001,0.18544059358727275,0.8535,0.9559475421992384
2,0,5,0.8535,0.9821,0.9277,0.9279333333333333,0.18558601583999368,1.0,0.9669957727444755
3,0,5,1.0,0.9721,1.0,0.9286791666666666,0.18584894749831635,1.0,0.9489012643018979
4,0,5,1.0,0.9984,0.9057,0.9298416666666666,0.1862192464640088,0.989,0.9678261879168805
5,0,5,0.989,0.9757,1.0,0.92945,0.1860786135878669,1.0,0.9549037652768539
6,0,5,1.0,1.0,0.9628,0.9304625,0.18640703432449174,1.0,0.9685365189502073
7,0,5,1.0,0.8707,1.0,0.9304625,0.18640703432449174,1.0,0.971283607437279
8,0,5,1.0,0.9157,1.0,0.93585,0.1864731825922618,1.0,0.9736050921720013
9,0,5,1.0,0.9146,0.9793,0.9393625,0.18687065932140726,1.0,0.9712307428046771
10,0,5,1.0,1.0,1.0,0.9429208333333333,0.1871914434572885,1.0,0.9773153059545355
11,0,5,1.0,1.0,0.962,0.9429208333333333,0.1871914434572885,0.8718,0.981274228374217
12,0,5,0.8718,0.9916,1.0,0.9375791666666666,0.18732092661286273,0.9803,0.9810053181823756
13,0,5,0.9803,0.9865,0.8923,0.9371083333333333,0.18719339898401455,0.9325,0.9769142978317252
14,0,5,0.9325,1.0,1.0,0.9348583333333335,0.18689821437411314,1.0,0.958973832267602
15,0,5,1.0,1.0,1.0,0.9348583333333332,0.18689821437411314,0.9859,0.9606347647663437
16,0,5,0.9859,0.9258,0.92,0.9342708333333333,0.18670660657407348,1.0,0.9743594624224382
17,0,5,1.0,1.0,0.9458,0.9373625,0.1871739920908283,1.0,0.9813804582720567
18,0,5,1.0,1.0,1.0,0.9373625,0.1871739920908283,1.0,0.9804222038806706
19,0,5,1.0,1.0,1.0,0.9373625,0.1871739920908283,1.0,0.9804222038806706
20,0,5,1.0,1.0,1.0,0.9373625,0.1871739920908283,0.9502,0.9795851483611336
21,0,5,0.9502,1.0,1.0,0.9352874999999999,0.18672490649755807,1.0,0.9686865452020261
22,0,5,1.0,0.7837,1.0,0.9352874999999999,0.18672490649755807,0.9406,0.9627933928879074
23,0,5,0.9406,1.0,1.0,0.941825,0.18391232611125397,0.8944,0.9715493554608072
0,1,5,0.8944,0.1,0.1578,0.9374250000000001,0.18372312166622543,0.1,0.16008207161842752
1,1,5,0.1,0.8535,0.9807,0.9374249999999998,0.18372312166622543,0.997,0.981288045508397
2,1,5,0.997,1.0,1.0,0.9434041666666667,0.18320741744801455,0.9657,0.9787727478004472
3,1,5,0.9657,1.0,1.0,0.9419750000000001,0.18288022036294702,0.9446,0.9756445643940832
4,1,5,0.9446,0.989,0.9894,0.9396666666666667,0.18246514060562896,0.8875,0.9786965379729401
5,1,5,0.8875,1.0,0.922,0.9354375,0.18244826023572694,0.9934,0.958161012921127
6,1,5,0.9934,1.0,1.0,0.9351625,0.18235166410585338,0.8796,0.9782665501073394
7,1,5,0.8796,1.0,0.9904,0.9301458333333333,0.1821464126302191,1.0,0.9444518928355002
8,1,5,1.0,1.0,0.8262,0.9301458333333333,0.1821464126302191,1.0,0.970058921493089
9,1,5,1.0,1.0,1.0,0.9301458333333333,0.1821464126302191,0.8834,0.9664487601623875
10,1,5,0.8834,1.0,0.9572,0.9252875,0.1817568067321781,0.9753,0.9431115659763579
11,1,5,0.9753,0.8718,0.9928,0.9242583333333334,0.1813849160035731,0.9398,0.9778405283987747
12,1,5,0.9398,0.9803,1.0,0.9270916666666666,0.18106066943014662,1.0,0.9391529358987026
13,1,5,1.0,0.9325,1.0,0.9279125,0.18135678818165393,1.0,0.9676406429983448
14,1,5,1.0,1.0,1.0,0.9307249999999999,0.1819534418470837,0.85,0.9695359418650936
15,1,5,0.85,0.9859,0.9652,0.924475,0.18204660953579535,1.0,0.9641995322745954
16,1,5,1.0,1.0,1.0,0.9250625,0.18227606585830922,0.9872,0.972167977837068
17,1,5,0.9872,1.0,0.9792,0.9245291666666665,0.18206587312233224,1.0,0.9718351223813455
18,1,5,1.0,1.0,1.0,0.9245291666666665,0.18206587312233224,1.0,0.9760268136387259
19,1,5,1.0,1.0,1.0,0.9245291666666665,0.18206587312233224,0.9398,0.9760268136387259
20,1,5,0.9398,0.9502,0.9252,0.9220208333333333,0.18139435056436223,0.9745,0.9889158364653586
21,1,5,0.9745,1.0,1.0,0.9230333333333333,0.1816261489186361,0.9363,0.9843558641415973
22,1,5,0.9363,0.9406,0.9571,0.9203791666666666,0.18091655530073567,1.0,0.9626534663152291
23,1,5,1.0,0.8944,1.0,0.9228541666666666,0.18161018688907332,1.0,0.9808760525080339
0,2,5,1.0,0.1,0.1544,0.9272541666666666,0.18216919746110558,0.2771,0.1404482204861459
1,2,5,0.2771,0.997,1.0,0.9346333333333333,0.1474881444510821,0.9951,0.9564305493569815
2,2,5,0.9951,0.9657,0.9821,0.9345541666666667,0.14745371854354475,0.9433,0.9583613448237545
3,2,5,0.9433,0.9446,0.9721,0.9336208333333333,0.14731883488651037,0.8789,0.9234141073566812
4,2,5,0.8789,0.8875,0.9984,0.9308833333333334,0.1477158366790683,0.8557,0.9205281982183828
5,2,5,0.8557,0.9934,0.9757,0.9295583333333334,0.14826350782853906,0.8733,0.9053173294572455
6,2,5,0.8733,0.8796,1.0,0.9245541666666667,0.14804168032118156,1.0,0.9236075937197752
7,2,5,1.0,1.0,0.8707,0.9295708333333333,0.14849139772820322,1.0,0.9183676699867848
8,2,5,1.0,1.0,0.9157,0.9295708333333333,0.14849139772820322,0.8735,0.9153520212326379
9,2,5,0.8735,0.8834,0.9146,0.9243000000000001,0.1481274275163407,1.0,0.9224081511207989
10,2,5,1.0,0.9753,1.0,0.9291583333333334,0.14863891150870562,0.9614,0.9153555467569274
11,2,5,0.9614,0.9398,1.0,0.9285791666666666,0.14847829874858964,1.0,0.9167985287824942
12,2,5,1.0,1.0,0.9916,0.9310875,0.1491829262654762,1.0,0.9284214225906394
13,2,5,1.0,1.0,0.9865,0.9310875,0.1491829262654762,1.0,0.9284214225906394
14,2,5,1.0,0.85,1.0,0.9310875,0.1491829262654762,0.9785,0.9317672581164756
15,2,5,0.9785,1.0,1.0,0.9364416666666666,0.14845029886087846,0.9287,0.9645295420892744
16,2,5,0.9287,0.9872,0.9258,0.9334708333333332,0.14783521225298163,0.8279,0.9301832835057173
17,2,5,0.8279,1.0,1.0,0.9268333333333333,0.1488903555339115,0.9425,0.9313142042570987
18,2,5,0.9425,1.0,1.0,0.9244375000000001,0.14812246640651075,0.9831,0.9347153782792269
19,2,5,0.9831,0.9398,1.0,0.9237333333333334,0.1477874197936869,0.921,0.9526667534145254
20,2,5,0.921,0.9745,1.0,0.92295,0.1477483759934292,0.9895,0.965098478081277
21,2,5,0.9895,0.9363,1.0,0.923575,0.14800742122991845,1.0,0.9214287535787321
22,2,5,1.0,1.0,0.7837,0.9262291666666668,0.14881449052622459,0.982,0.9184498478755537
23,2,5,0.982,1.0,1.0,0.9254791666666667,0.14847149625189152,0.948,0.9002182934320483
0,3,5,0.948,0.2771,0.1,0.9233125000000001,0.14771421088651612,0.1385,0.11773582108817536
1,3,5,0.1385,0.9951,0.8535,0.9175375,0.17437938104205086,1.0,0.9593676653756387
2,3,5,1.0,0.9433,1.0,0.9177416666666667,0.17447698220350058,0.9128,0.9820196273691729
3,3,5,0.9128,0.8789,1.0,0.9164708333333333,0.17439378598614055,1.0,0.9820535275170597
4,3,5,1.0,0.8557,0.989,0.9215166666666668,0.17501030197420245,0.9921,0.9836205713500022
5,3,5,0.9921,0.8733,1.0,0.9271999999999999,0.1749947701081877,1.0,0.9768525315440727
6,3,5,1.0,1.0,1.0,0.9324791666666666,0.17520902542557498,1.0,0.9634747500687256
7,3,5,1.0,1.0,1.0,0.9324791666666666,0.17520902542557498,1.0,0.9604170449219394
8,3,5,1.0,0.8735,1.0,0.9324791666666666,0.17520902542557498,1.0,0.970949840498531
9,3,5,1.0,1.0,1.0,0.93775,0.17526035539708662,1.0,0.9770208082861833
10,3,5,1.0,0.9614,1.0,0.93775,0.17526035539708662,0.951,0.9806154679583791
11,3,5,0.951,1.0,0.8718,0.9373166666666667,0.17521218854432707,1.0,0.9789448830945569
12,3,5,1.0,1.0,0.9803,0.9373166666666667,0.17521218854432707,0.9085,0.9732252415300681
13,3,5,0.9085,1.0,0.9325,0.9335041666666667,0.17478390503746333,1.0,0.9690662743418932
14,3,5,1.0,0.9785,1.0,0.9335041666666667,0.17478390503746333,0.9973,0.9753825321860033
15,3,5,0.9973,0.9287,0.9859,0.9342875,0.17503627776152222,0.9834,0.9727883902019806
16,3,5,0.9834,0.8279,1.0,0.9365666666666668,0.17531626246317836,0.9897,0.9865482300984318
17,3,5,0.9897,0.9425,1.0,0.9433083333333334,0.1740623474422355,0.8495,0.9767685238435816
18,3,5,0.8495,0.9831,1.0,0.9394333333333332,0.1751131427209941,0.9561,0.966101653677507
19,3,5,0.9561,0.921,1.0,0.9383083333333332,0.1749070210554534,1.0,0.9772394383224967
20,3,5,1.0,0.9895,0.9502,0.9415999999999999,0.17531003096378087,1.0,0.965878941113458
21,3,5,1.0,1.0,1.0,0.9420375,0.17544781414748517,0.9178,0.9718761796481072
22,3,5,0.9178,0.982,0.9406,0.9386125,0.17506902815622552,1.0,0.95343573455394
23,3,5,1.0,0.948,0.8944,0.9393625,0.17530138473249576,0.9307,0.9713759416847373
0,4,5,0.9307,0.1385,0.1,0.9386416666666667,0.17529989190370124,0.2026,0.12613938139200573
1,4,5,0.2026,1.0,0.997,0.9413125,0.16260791015707768,1.0,0.9753709141085891
2,4,5,1.0,0.9128,0.9657,0.9413125,0.16260791015707768,0.9483,0.9795610825010533
3,4,5,0.9483,1.0,0.9446,0.9427916666666666,0.162498695423972,1.0,0.9764487640082826
4,4,5,1.0,0.9921,0.8875,0.9427916666666666,0.162498695423972,0.9045,0.9845383813553041
5,4,5,0.9045,1.0,0.9934,0.9391416666666667,0.16232672344665747,1.0,0.9718939597810881
6,4,5,1.0,1.0,0.8796,0.9391416666666667,0.16232672344665747,1.0,0.9781039643571984
7,4,5,1.0,1.0,1.0,0.9391416666666667,0.16232672344665747,0.9464,0.9700836845830096
8,4,5,0.9464,1.0,1.0,0.9369083333333333,0.16182094752525425,1.0,0.9703139428485738
9,4,5,1.0,1.0,0.8834,0.9369083333333332,0.16182094752525425,0.98,0.9793312287442562
10,4,5,0.98,0.951,0.9753,0.9360749999999999,0.16153315785607794,1.0,0.9808884230199059
11,4,5,1.0,1.0,0.9398,0.9381166666666667,0.16203887259507865,1.0,0.9786117485321458
12,4,5,1.0,0.9085,1.0,0.9381166666666667,0.16203887259507865,0.9893,0.9654984030928263
13,4,5,0.9893,1.0,1.0,0.9414833333333333,0.16223604292261468,1.0,0.9720726287972767
14,4,5,1.0,0.9973,0.85,0.9414833333333333,0.16223604292261468,1.0,0.9696180965342661
15,4,5,1.0,0.9834,1.0,0.9415958333333333,0.162277361809333,0.8601,0.971241611042655
16,4,5,0.8601,0.9897,0.9872,0.9364583333333333,0.1628471139941754,1.0,0.9692594480396132
17,4,5,1.0,0.8495,1.0,0.9368875,0.16300702122114674,0.867,0.9686179592684846
18,4,5,0.867,0.9561,1.0,0.9376166666666667,0.1626378443222769,1.0,0.9847902723764755
19,4,5,1.0,1.0,0.9398,0.9394458333333334,0.1631009716047267,1.0,0.9802114184933274
20,4,5,1.0,1.0,0.9745,0.9394458333333334,0.1631009716047267,0.9127,0.9756379815834602
21,4,5,0.9127,0.9178,0.9363,0.9358083333333335,0.16266467219316622,0.9671,0.9689436675242588
22,4,5,0.9671,1.0,1.0,0.9378625,0.16273864032351967,0.9115,0.9726752534998531
23,4,5,0.9115,0.9307,1.0,0.9341749999999999,0.16227143993134277,0.9828,0.9541305263730736
0,5,5,0.9828,0.2026,0.2771,0.9363458333333333,0.16257114557383326,0.1004,0.13396860855765844
1,5,5,0.1004,1.0,0.9951,0.9320875000000001,0.182716573847847,1.0,0.9710578160877514
2,5,5,1.0,0.9483,0.9433,0.9320875000000001,0.182716573847847,1.0,0.9681719294806512
3,5,5,1.0,1.0,0.8789,0.9342416666666667,0.18322009315637836,1.0,0.9779013459844803
4,5,5,1.0,0.9045,0.8557,0.9342416666666667,0.18322009315637836,0.955,0.9638499709283223
5,5,5,0.955,1.0,0.8733,0.9363458333333333,0.18315364654506253,0.9833,0.9774845730977055
6,5,5,0.9833,1.0,1.0,0.93565,0.18293288862074666,0.8653,0.9774693131637311
7,5,5,0.8653,0.9464,1.0,0.9300375000000001,0.18293909134273195,0.9355,0.965629614935248
8,5,5,0.9355,1.0,0.8735,0.9295833333333334,0.18291023140771343,1.0,0.9558157135668744
9,5,5,1.0,0.98,1.0,0.9295833333333334,0.18291023140771343,1.0,0.9573654868411298
10,5,5,1.0,1.0,0.9614,0.9304166666666668,0.18319525261237046,0.9013,0.9639039173719863
11,5,5,0.9013,1.0,1.0,0.9263041666666667,0.18267237833884767,0.9526,0.9682003051875755
12,5,5,0.9526,0.9893,1.0,0.9243291666666668,0.18209628718886914,0.9979,0.9753976796953472
13,5,5,0.9979,1.0,1.0,0.9246875,0.18223810347645672,1.0,0.9739662371170191
14,5,5,1.0,1.0,0.9785,0.9246875,0.18223810347645672,0.9352,0.9704324133654288
15,5,5,0.9352,0.8601,0.9287,0.9219875000000001,0.18155251800368497,1.0,0.9710440192999159
16,5,5,1.0,1.0,0.8279,0.9278166666666667,0.1817249083610738,0.9621,0.9684862846715044
17,5,5,0.9621,0.867,0.9425,0.9262375,0.18123438298536798,0.9988,0.9753405623898634
18,5,5,0.9988,1.0,0.9831,0.9317291666666666,0.18135818145836194,1.0,0.9664956076453886
19,5,5,1.0,1.0,0.921,0.9317291666666666,0.18135818145836194,1.0,0.9715098224623514
20,5,5,1.0,0.9127,0.9895,0.9317291666666666,0.18135818145836194,0.9651,0.9664758035776894
21,5,5,0.9651,0.9671,1.0,0.9339124999999999,0.18143453319849726,0.9912,0.9659708793629868
22,5,5,0.9912,0.9115,0.982,0.9349166666666667,0.18169270681605523,0.9929,0.9693564472530212
23,5,5,0.9929,0.9828,0.948,0.9383083333333334,0.18199607715950736,0.9704,0.9635169014312288
0,6,5,0.9704,0.1004,0.1385,0.9377916666666666,0.18188184391227072,0.1043,0.17267655861806097
1,6,5,0.1043,1.0,1.0,0.9379541666666666,0.18110122554783445,1.0,0.9736708664094995
2,6,5,1.0,1.0,0.9128,0.9379541666666666,0.18110122554783445,1.0,0.9781074156944922
3,6,5,1.0,1.0,1.0,0.9379541666666666,0.18110122554783445,0.9764,0.976378857336193
4,6,5,0.9764,0.955,0.9921,0.9369708333333332,0.18081352748346724,1.0,0.9846666198046077
5,6,5,1.0,0.9833,1.0,0.9388458333333333,0.1812414291326849,0.9733,0.9760172737496454
6,6,5,0.9733,0.8653,1.0,0.9384291666666668,0.1811462572167122,1.0,0.9808470504541869
7,6,5,1.0,0.9355,1.0,0.9440416666666667,0.18086847471278017,1.0,0.9591970357883406
8,6,5,1.0,1.0,1.0,0.9467291666666666,0.18121490359855047,0.9914,0.9573174548632205
9,6,5,0.9914,1.0,1.0,0.9463708333333333,0.18111346066501527,1.0,0.9661442473424828
10,6,5,1.0,0.9013,0.951,0.9463708333333333,0.18111346066501527,0.8743,0.9535288131265245
11,6,5,0.8743,0.9526,1.0,0.9452458333333333,0.1814890605858075,0.9099,0.9726213374044161
12,6,5,0.9099,0.9979,0.9085,0.9434666666666667,0.1816230799992277,0.9045,0.978921056667163
13,6,5,0.9045,1.0,1.0,0.939575,0.1814065366014665,1.0,0.9718065544225152
14,6,5,1.0,0.9352,0.9973,0.939575,0.1814065366014665,1.0,0.974769984907364
15,6,5,1.0,1.0,0.9834,0.942275,0.18182034910269576,1.0,0.9797009764316557
16,6,5,1.0,0.9621,0.9897,0.942275,0.18182034910269576,1.0,0.9829957395252963
17,6,5,1.0,0.9988,0.8495,0.9438541666666667,0.18216428318647057,1.0,0.9703297125747938
18,6,5,1.0,1.0,0.9561,0.9439041666666667,0.18218018428770325,0.8559,0.9698389520625774
19,6,5,0.8559,1.0,1.0,0.9379000000000001,0.18262506613991622,0.9566,0.9872730211360233
20,6,5,0.9566,0.9651,1.0,0.9360916666666667,0.18219779485294393,0.937,0.9821775386829096
21,6,5,0.937,0.9912,0.9178,0.9349208333333334,0.18209353539886597,0.9503,0.9803956920352047
22,6,5,0.9503,0.9929,1.0,0.9332166666666666,0.18173496628611285,0.9865,0.9754303264804012
23,6,5,0.9865,0.9704,0.9307,0.93295,0.18164825780947497,0.9622,0.9697959210254928
0,0,5,0.9622,0.1043,0.2026,0.9326083333333335,0.18158245442118925,0.1,0.11664471198865427
1,0,5,0.1,1.0,1.0,0.9324291666666666,0.18243539530514635,1.0,0.9702446459454425
2,0,5,1.0,1.0,0.9483,0.9324291666666666,0.18243539530514635,0.9142,0.9676453088357925
3,0,5,0.9142,0.9764,1.0,0.9288541666666666,0.18189357131639364,1.0,0.9763036405491342
4,0,5,1.0,1.0,0.9045,0.9298375000000001,0.18222527341655773,1.0,0.9693138707799027
5,0,5,1.0,0.9733,1.0,0.9298375,0.18222527341655773,0.9264,0.9589779948900815
6,0,5,0.9264,1.0,1.0,0.9278833333333334,0.18199024500055602,0.7976,0.969810538909784
7,0,5,0.7976,1.0,0.9464,0.91945,0.18318870764513778,0.9771,0.9653603148474199
8,0,5,0.9771,0.9914,1.0,0.9184958333333334,0.18281015688452606,1.0,0.9883952031318364
9,0,5,1.0,1.0,0.98,0.9188541666666667,0.18296763310622144,1.0,0.9598544650457662
10,0,5,1.0,0.8743,1.0,0.9188541666666667,0.18296763310622144,0.9016,0.9825169010841476
11,0,5,0.9016,0.9099,1.0,0.9199916666666667,0.18276334642674266,1.0,0.9677134145348664
12,0,5,1.0,0.9045,0.9893,0.9237458333333333,0.18347104730522323,0.9628,0.9725254832661765
13,0,5,0.9628,1.0,1.0,0.9261750000000001,0.18359106080824236,0.9915,0.9684610001149887
14,0,5,0.9915,1.0,1.0,0.9258208333333333,0.18345059749429704,1.0,0.9684610001149887
15,0,5,1.0,1.0,0.8601,0.9258208333333333,0.18345059749429704,0.8798,0.9738590149844131
16,0,5,0.8798,1.0,1.0,0.9208124999999999,0.18297756648550287,1.0,0.9746311453330564
17,0,5,1.0,1.0,0.867,0.9208124999999999,0.18297756648550287,1.0,0.9781539612894631
18,0,5,1.0,0.8559,1.0,0.9208124999999999,0.18297756648550287,1.0,0.9903904606308248
19,0,5,1.0,0.9566,1.0,0.9268166666666665,0.18311910988697272,1.0,0.9738231212487851
20,0,5,1.0,0.937,0.9127,0.9286249999999999,0.18363956486173882,1.0,0.972612650894292
21,0,5,1.0,0.9503,0.9671,0.9312499999999999,0.18421385728926962,0.9687,0.968257053253114
22,0,5,0.9687,0.9865,0.9115,0.9320166666666667,0.18433483632796613,1.0,0.9492670852405884
23,0,5,1.0,0.9622,0.9828,0.9325791666666667,0.1845288170712375,0.9725,0.9595938428685034
0,1,5,0.9725,0.1,0.1004,0.9330083333333333,0.18461266129424878,0.1747,0.13936593707016448
1,1,5,0.1747,1.0,1.0,0.9361208333333333,0.17001001755438022,0.9704,0.9650361676998502
2,1,5,0.9704,0.9142,1.0,0.9348875,0.1696334086057858,1.0,0.9778092572908901
3,1,5,1.0,1.0,1.0,0.9384625,0.17008198486637863,0.9977,0.9738800911251023
4,1,5,0.9977,1.0,0.955,0.9383666666666667,0.17004644804509655,1.0,0.974571342687719
5,1,5,1.0,0.9264,0.9833,0.9383666666666667,0.17004644804509655,0.9959,0.9779177148679298
6,1,5,0.9959,0.7976,0.8653,0.9412625,0.17042515841144262,0.8582,0.9494951338033483
7,1,5,0.8582,0.9771,0.9355,0.9437875,0.1686437390077729,1.0,0.9736739036510698
8,1,5,1.0,1.0,1.0,0.9447416666666667,0.16890499237522688,0.9275,0.9643093989592201
9,1,5,0.9275,1.0,1.0,0.9417208333333332,0.16852162802536336,0.9477,0.9722640758765408
10,1,5,0.9477,0.9016,0.9013,0.9395416666666666,0.16807279974610065,0.9523,0.975912755659983
11,1,5,0.9523,1.0,0.9526,0.9416541666666668,0.16789370596786313,1.0,0.9750965811491443
12,1,5,1.0,0.9628,0.9979,0.9416541666666668,0.16789370596786313,0.8291,0.9792666919678433
13,1,5,0.8291,0.9915,1.0,0.9360833333333334,0.16937317858264483,1.0,0.9769912740514304
14,1,5,1.0,1.0,0.9352,0.9364374999999999,0.16950293267310362,1.0,0.9748175815769397
15,1,5,1.0,0.8798,1.0,0.9364374999999999,0.16950293267310362,1.0,0.9865396473067519
16,1,5,1.0,1.0,0.9621,0.9414458333333334,0.16953247727633006,0.9956,0.9755417552461001
17,1,5,0.9956,1.0,0.9988,0.9412625000000001,0.16946877052950698,1.0,0.9755723333969637
18,1,5,1.0,1.0,1.0,0.9412625000000001,0.16946877052950698,1.0,0.9767298123120556
19,1,5,1.0,1.0,1.0,0.9412625000000001,0.16946877052950698,1.0,0.9767298123120556
20,1,5,1.0,1.0,0.9651,0.9412625000000001,0.16946877052950698,1.0,0.9782622231769486
21,1,5,1.0,0.9687,0.9912,0.9412625000000001,0.16946877052950698,1.0,0.9756646786848244
22,1,5,1.0,1.0,0.9929,0.9425666666666667,0.16980919385840293,0.9842,0.966475149337575
23,1,5,0.9842,0.9725,0.9704,0.9419083333333332,0.16960735709193228,0.9879,0.9625081689543002
0,2,5,0.9879,0.1747,0.1043,0.9425499999999999,0.16975718976897844,0.1094,0.12992586506093662
1,2,5,0.1094,0.9704,1.0,0.9398291666666667,0.1826341329095503,1.0,0.9829705121460539
2,2,5,1.0,1.0,1.0,0.9410625,0.18294922748390224,1.0,0.9774467633334819
3,2,5,1.0,0.9977,0.9764,0.9410625,0.18294922748390224,0.7648,0.9741113965710011
4,2,5,0.7648,1.0,1.0,0.9313583333333334,0.1859663618873674,1.0,0.9642789616339137
5,2,5,1.0,0.9959,0.9733,0.9313583333333334,0.1859663618873674,1.0,0.963705752359087
6,2,5,1.0,0.8582,1.0,0.9315291666666666,0.18603010153611252,0.9985,0.9743204277980481
7,2,5,0.9985,1.0,1.0,0.937375,0.18582990410821845,0.9689,0.9687899320755713
8,2,5,0.9689,0.9275,0.9914,0.9360791666666666,0.18548232771595152,1.0,0.9655309405676925
9,2,5,1.0,0.9477,1.0,0.9390999999999999,0.18592637860419287,1.0,0.9591620705479104
10,2,5,1.0,0.9523,0.8743,0.9412791666666666,0.1863375968018375,0.9382,0.9720460246776829
11,2,5,0.9382,1.0,0.9099,0.9406916666666666,0.18632356595955368,1.0,0.9721467577742419
12,2,5,1.0,0.8291,0.9045,0.9406916666666666,0.18632356595955368,0.9223,0.9790965538678987
13,2,5,0.9223,1.0,1.0,0.944575,0.18486216545683817,0.8896,0.9506531497844959
14,2,5,0.8896,1.0,1.0,0.939975,0.18479659146583685,0.9499,0.946757623744172
15,2,5,0.9499,1.0,1.0,0.9378875,0.184371537255619,1.0,0.9757503007450843
16,2,5,1.0,0.9956,1.0,0.9378875000000001,0.184371537255619,1.0,0.9745780557898508
17,2,5,1.0,1.0,1.0,0.9380708333333333,0.184433597050577,1.0,0.9764644197374842
18,2,5,1.0,1.0,0.8559,0.9380708333333333,0.184433597050577,1.0,0.9802852299063001
19,2,5,1.0,1.0,0.9566,0.9380708333333333,0.184433597050577,1.0,0.9804382991182486
20,2,5,1.0,1.0,0.937,0.9380708333333333,0.184433597050577,0.9487,0.9796012435987117
21,2,5,0.9487,1.0,0.9503,0.9359333333333333,0.183981378232233,1.0,0.980785094301519
22,2,5,1.0,0.9842,0.9865,0.9359333333333333,0.183981378232233,1.0,0.9560897502443753
23,2,5,1.0,0.9879,0.9622,0.9365916666666667,0.1841897483732393,1.0,0.955272202469186
0,3,5,1.0,0.1094,0.1,0.9370958333333334,0.18435278438992708,0.2201,0.1795043068352605
1,3,5,0.2201,1.0,1.0,0.9417083333333333,0.16287750242774954,1.0,0.9723347002532106
2,3,5,1.0,1.0,0.9142,0.9417083333333333,0.16287750242774954,1.0,0.9757571942232186
3,3,5,1.0,0.7648,1.0,0.9417083333333333,0.16287750242774954,1.0,0.937065434139735
4,3,5,1.0,1.0,1.0,0.9515083333333333,0.15879509059508595,0.9979,0.9684171690505385
5,3,5,0.9979,1.0,0.9264,0.9514208333333333,0.15876778497888527,0.9295,0.9560538732591202
6,3,5,0.9295,0.9985,0.7976,0.9484833333333333,0.15848183455544068,0.987,0.964174924137664
7,3,5,0.987,0.9689,0.9771,0.9480041666666666,0.1583413579392891,0.9404,0.9719785340209945
8,3,5,0.9404,1.0,1.0,0.9468166666666668,0.15828469306275675,0.946,0.9700464431824326
9,3,5,0.946,1.0,1.0,0.9445666666666668,0.1578791107879333,0.9884,0.9704960939882503
10,3,5,0.9884,0.9382,0.9016,0.9440833333333334,0.15771970367565474,0.9366,0.9798243821624212
11,3,5,0.9366,1.0,1.0,0.9440166666666666,0.15772263675493015,0.9754,0.9644473351320938
12,3,5,0.9754,0.9223,0.9628,0.9429916666666666,0.15742264606070414,0.8485,0.9858110033571266
13,3,5,0.8485,0.8896,0.9915,0.9399166666666666,0.1585610639926866,1.0,0.9735365646570399
14,3,5,1.0,0.9499,1.0,0.9445166666666668,0.15863924802675047,1.0,0.9788681268810293
15,3,5,1.0,1.0,0.8798,0.9466041666666666,0.15904228171523604,0.9346,0.9764531810754801
16,3,5,0.9346,1.0,1.0,0.9438791666666666,0.1586474159593525,1.0,0.964356619189144
17,3,5,1.0,1.0,1.0,0.9438791666666666,0.1586474159593525,1.0,0.9659604607059573
18,3,5,1.0,1.0,1.0,0.9438791666666666,0.1586474159593525,0.8714,0.9671179396210492
19,3,5,0.8714,1.0,1.0,0.9385208333333334,0.15884113742480538,0.939,0.9828331792511847
20,3,5,0.939,0.9487,1.0,0.9359791666666667,0.15830174263416874,0.9385,0.9831851656155465
21,3,5,0.9385,1.0,0.9687,0.9355541666666666,0.1582797962310024,0.9248,0.9805700167752037
22,3,5,0.9248,1.0,1.0,0.9324208333333334,0.15769179069136538,1.0,0.966748475278792
23,3,5,1.0,1.0,0.9725,0.9324208333333334,0.15769179069136538,0.9845,0.959323668838254
0,4,5,0.9845,0.2201,0.1747,0.931775,0.1574345143364311,0.1038,0.11785807677425215
1,4,5,0.1038,1.0,0.9704,0.9269291666666667,0.18040619983361408,0.8397,0.9672784447285895
2,4,5,0.8397,1.0,1.0,0.9202500000000001,0.180550611957592,1.0,0.9691368671506437
3,4,5,1.0,1.0,0.9977,0.9202500000000001,0.180550611957592,0.9009,0.9665408242253815
4,4,5,0.9009,0.9979,1.0,0.9161208333333334,0.17977899470851957,1.0,0.979037194110696
5,4,5,1.0,0.9295,0.9959,0.9162083333333334,0.17982103401816604,1.0,0.9528864357529736
6,4,5,1.0,0.987,0.8582,0.9191458333333333,0.18062165352198115,1.0,0.9487177013242712
7,4,5,1.0,0.9404,1.0,0.9196875000000001,0.18085333311229349,0.8953,0.9798281583605055
8,4,5,0.8953,0.946,0.9275,0.9178083333333333,0.18086306834938343,0.7584,0.9818764167689391
9,4,5,0.7584,0.9884,0.9477,0.9099916666666665,0.18362451980975317,1.0,0.9844722431507887
10,4,5,1.0,0.9366,0.9523,0.9104749999999999,0.1838550001684932,1.0,0.9792432281208963
11,4,5,1.0,0.9754,1.0,0.9131166666666667,0.1847002193136025,1.0,0.9706242051212022
12,4,5,1.0,0.8485,0.8291,0.9141416666666666,0.18512865307241316,1.0,0.9041935423101225
13,4,5,1.0,1.0,1.0,0.9204541666666666,0.1853758461334978,0.9607,0.9662201994903337
14,4,5,0.9607,1.0,1.0,0.9188166666666667,0.18481536418972264,1.0,0.9628120566780383
15,4,5,1.0,0.9346,1.0,0.9188166666666667,0.18481536418972264,0.9221,0.9691077250558217
16,4,5,0.9221,1.0,0.9956,0.9182958333333334,0.18478656190357845,1.0,0.9556920278693551
17,4,5,1.0,1.0,1.0,0.9182958333333334,0.18478656190357845,1.0,0.9728319688388362
18,4,5,1.0,0.8714,1.0,0.9182958333333334,0.18478656190357845,1.0,0.9657338176891717
19,4,5,1.0,0.939,1.0,0.9236541666666667,0.18523157768908766,1.0,0.9691119501151341
20,4,5,1.0,0.9385,1.0,0.9261958333333333,0.18586871355216386,1.0,0.9661537281048487
21,4,5,1.0,0.9248,1.0,0.9287583333333335,0.18646869166435046,0.9593,0.9576535913394688
22,4,5,0.9593,1.0,0.9842,0.9301958333333333,0.18656980388319702,0.998,0.9685932022923666
23,4,5,0.998,0.9845,0.9879,0.9301125,0.18653771343245526,0.8585,0.9478434482991466
0,5,5,0.8585,0.1038,0.1094,0.9248625,0.18671347221484005,0.1,0.16654113045079122
1,5,5,0.1,0.8397,1.0,0.9247041666666665,0.18744020375011378,0.9673,0.9656528601297103
2,5,5,0.9673,1.0,1.0,0.9300208333333333,0.186732589501362,0.9581,0.9532377937741906
3,5,5,0.9581,0.9009,0.7648,0.9282749999999999,0.1862451149052964,1.0,0.9110693282328522
4,5,5,1.0,1.0,1.0,0.9324041666666666,0.18670978055741272,0.9342,0.9544212304414045
5,5,5,0.9342,1.0,1.0,0.9296625,0.18615632704215615,1.0,0.95212135362049
6,5,5,1.0,1.0,0.9985,0.9296625,0.18615632704215615,1.0,0.9561021590326961
7,5,5,1.0,0.8953,0.9689,0.9296625,0.18615632704215615,0.9993,0.9496332652346576
8,5,5,0.9993,0.7584,1.0,0.9339958333333334,0.18653173521616565,0.9738,0.936769094537104
9,5,5,0.9738,1.0,1.0,0.9429708333333333,0.1828614692558438,1.0,0.9768969353863178
10,5,5,1.0,1.0,0.9382,0.9429708333333334,0.1828614692558438,1.0,0.9766232793385855
11,5,5,1.0,1.0,1.0,0.9429708333333334,0.1828614692558438,0.9306,0.9759320277759688
12,5,5,0.9306,1.0,0.9223,0.9400791666666667,0.18246873699865454,0.9474,0.9787129356778606
13,5,5,0.9474,0.9607,0.8896,0.9378875000000001,0.1820330985491139,0.9757,0.9851085260789156
14,5,5,0.9757,1.0,0.9499,0.9385125,0.18214054848433398,0.8923,0.9793152037799713
15,5,5,0.8923,0.9221,1.0,0.934025,0.18188633634175544,0.9345,0.9550350606592929
16,5,5,0.9345,1.0,1.0,0.9345416666666666,0.18186860024100723,0.9619,0.9788922613063998
17,5,5,0.9619,1.0,1.0,0.9329541666666666,0.18143815805743693,1.0,0.964582091076167
18,5,5,1.0,1.0,1.0,0.9329541666666666,0.18143815805743693,1.0,0.964596862884603
19,5,5,1.0,1.0,1.0,0.9329541666666666,0.18143815805743693,1.0,0.964596862884603
20,5,5,1.0,1.0,0.9487,0.9329541666666666,0.18143815805743693,1.0,0.9652881144472197
21,5,5,1.0,0.9593,1.0,0.9329541666666666,0.18143815805743693,0.989,0.9608133421402146
22,5,5,0.989,0.998,1.0,0.9341916666666666,0.18172671770418444,1.0,0.9824476765295106
23,5,5,1.0,0.8585,1.0,0.934275,0.1817577060144969,0.9917,0.9737818563745146
0,6,5,0.9917,0.1,0.2201,0.9398249999999999,0.18137654622838983,0.1462,0.18216909105538034
1,6,5,0.1462,0.9673,1.0,0.94175,0.1720827733085602,0.9534,0.9692676408278565
2,6,5,0.9534,0.9581,1.0,0.9411708333333334,0.1720164210542672,0.8049,0.9802455084638633
3,6,5,0.8049,1.0,1.0,0.9347875000000001,0.1741896949792284,0.9893,0.9781164120396832
4,6,5,0.9893,0.9342,0.9979,0.9343416666666666,0.17402914777520007,1.0,0.9735676596235477
5,6,5,1.0,1.0,0.9295,0.9370833333333334,0.17454436502596968,1.0,0.9787949308235866
6,6,5,1.0,1.0,0.987,0.9370833333333334,0.17454436502596968,1.0,0.976326916218328
7,6,5,1.0,0.9993,0.9404,0.9370833333333334,0.17454436502596968,1.0,0.9695179056431334
8,6,5,1.0,0.9738,0.946,0.9371125,0.17455527170622745,1.0,0.9591017182179955
9,6,5,1.0,1.0,0.9884,0.9382041666666666,0.17487632270480108,1.0,0.9770144906119921
10,6,5,1.0,1.0,0.9366,0.9382041666666666,0.17487632270480108,0.9506,0.9777543101623419
11,6,5,0.9506,0.9306,0.9754,0.9361458333333332,0.17440744394555896,0.9747,0.9678782840133935
12,6,5,0.9747,0.9474,0.8485,0.9379833333333334,0.1745787019896926,1.0,0.9584928865771494
13,6,5,1.0,0.9757,1.0,0.940175,0.17503164248091063,1.0,0.9823310220971079
14,6,5,1.0,0.8923,1.0,0.9411875,0.1753161301453193,0.9888,0.9703631129947721
15,6,5,0.9888,0.9345,0.9346,0.9452083333333333,0.17525274894988907,0.964,0.9722680990701041
16,6,5,0.964,0.9619,1.0,0.9464375,0.17527782868423764,1.0,0.9725044999923136
17,6,5,1.0,1.0,1.0,0.948025,0.17559620984817287,1.0,0.9712522207253734
18,6,5,1.0,1.0,0.8714,0.948025,0.17559620984817287,0.8845,0.962822613719528
19,6,5,0.8845,1.0,0.939,0.9432125,0.17569252368964047,0.8163,0.9640689737386936
20,6,5,0.8163,1.0,0.9385,0.9355583333333334,0.17710678900071855,0.956,0.957136457034125
21,6,5,0.956,0.989,0.9248,0.933725,0.176637827082768,0.9023,0.9562036093598232
22,6,5,0.9023,1.0,1.0,0.9301125,0.1763445498781838,0.9593,0.9647478512461221
23,6,5,0.9593,0.9917,0.9845,0.9284166666666667,0.17583822027689272,0.9882,0.9771589252405237
0,0,5,0.9882,0.1462,0.1038,0.9282708333333334,0.17578489691063956,0.1,0.1292688840273387
1,0,5,0.1,0.9534,0.8397,0.9263458333333334,0.18474617600129528,1.0,0.9619711987890711
2,0,5,1.0,0.8049,1.0,0.9282875,0.18528696500880473,1.0,0.9743294901590047
3,0,5,1.0,0.9893,0.9009,0.9364166666666667,0.18391292520638977,1.0,0.9761942240482319
4,0,5,1.0,1.0,1.0,0.9368625,0.18405960710430577,1.0,0.9742804306917106
5,0,5,1.0,1.0,1.0,0.9368625,0.18405960710430577,0.9089,0.9742804306917106
6,0,5,0.9089,1.0,1.0,0.9330666666666666,0.1836398120770936,1.0,0.9593022601928519
7,0,5,1.0,1.0,0.8953,0.9330666666666666,0.1836398120770936,0.9939,0.9614497483993915
8,0,5,0.9939,1.0,0.7584,0.9328124999999999,0.18354734328848504,1.0,0.9272594211983797
9,0,5,1.0,1.0,1.0,0.9328124999999999,0.18354734328848504,0.9143,0.9644432151639755
10,0,5,0.9143,0.9506,1.0,0.9292416666666666,0.18301626897668152,0.8757,0.9702864255920098
11,0,5,0.8757,0.9747,1.0,0.9261208333333334,0.18327465011067004,1.0,0.9791431016176367
12,0,5,1.0,1.0,1.0,0.927175,0.18363861782457921,1.0,0.9677192379287727
13,0,5,1.0,1.0,0.9607,0.927175,0.18363861782457921,0.9278,0.9696000103893259
14,0,5,0.9278,0.9888,1.0,0.9241666666666667,0.18298395906571277,0.9304,0.9779026429396772
15,0,5,0.9304,0.964,0.9221,0.9217333333333334,0.18247468595532063,1.0,0.9862143655347385
16,0,5,1.0,1.0,1.0,0.9232333333333332,0.1829844913045123,0.9048,0.9772224456591282
17,0,5,0.9048,1.0,1.0,0.9192666666666667,0.18227851280906424,1.0,0.9779310422530937
18,0,5,1.0,0.8845,1.0,0.9192666666666667,0.18227851280906424,0.928,0.9834404543976856
19,0,5,0.928,0.8163,1.0,0.9210791666666668,0.1821339926708686,1.0,0.9965281033007644
20,0,5,1.0,0.956,1.0,0.9287333333333333,0.1813977078295016,0.9737,0.9720489798373908
21,0,5,0.9737,0.9023,0.9593,0.9294708333333332,0.18154930215321394,1.0,0.9684388638033671
22,0,5,1.0,0.9593,0.998,0.9335416666666666,0.18200833931364316,0.9565,0.9713030076264592
23,0,5,0.9565,0.9882,0.8585,0.9334250000000001,0.18199200711068064,0.987,0.959890590877137
0,1,5,0.987,0.1,0.1,0.933375,0.18197646825894856,0.1283,0.14499360250956975
1,1,5,0.1283,1.0,0.9673,0.9345541666666666,0.17634618862553775,0.9198,0.9781084511739431
2,1,5,0.9198,1.0,0.9581,0.9312125,0.1758111667633651,1.0,0.9647346223458931
3,1,5,1.0,1.0,1.0,0.9312125,0.1758111667633651,0.9589,0.9650881913385136
4,1,5,0.9589,1.0,0.9342,0.9295,0.1753114644431947,0.9817,0.9641114885331653
5,1,5,0.9817,0.9089,1.0,0.9287375,0.17503107255197797,0.9205,0.9713799078865382
6,1,5,0.9205,1.0,1.0,0.9292208333333334,0.174989922639455,0.795,0.9504170884217623
7,1,5,0.795,0.9939,0.9993,0.9206791666666666,0.17638253630197911,0.9847,0.9732877396670295
8,1,5,0.9847,1.0,0.9738,0.9202958333333333,0.1762264143433639,1.0,0.9663539297797652
9,1,5,1.0,0.9143,1.0,0.9202958333333333,0.1762264143433639,1.0,0.977741394155729
10,1,5,1.0,0.8757,1.0,0.9238666666666666,0.17696634577295203,0.9985,0.9763945098513487
11,1,5,0.9985,1.0,0.9306,0.9289833333333334,0.17728812134775024,0.979,0.9701152089377879
12,1,5,0.979,1.0,0.9474,0.9281083333333333,0.1769739256566316,1.0,0.9707741619245726
13,1,5,1.0,0.9278,0.9757,0.9281083333333333,0.1769739256566316,1.0,0.9673004065225375
14,1,5,1.0,0.9304,0.8923,0.9311166666666667,0.17758106946373586,0.9055,0.9622244297482315
15,1,5,0.9055,1.0,0.9345,0.9300791666666667,0.17765815973665441,1.0,0.9699686456423092
16,1,5,1.0,0.9048,0.9619,0.9300791666666667,0.17765815973665441,1.0,0.9733768870791365
17,1,5,1.0,1.0,1.0,0.9340458333333332,0.17813135841689803,1.0,0.9781896500684486
18,1,5,1.0,0.928,1.0,0.9340458333333332,0.17813135841689803,1.0,0.9774790766462609
19,1,5,1.0,1.0,1.0,0.9370458333333334,0.1786307047445549,1.0,0.9739791211998634
20,1,5,1.0,0.9737,1.0,0.9370458333333334,0.1786307047445549,1.0,0.963439799583158
21,1,5,1.0,1.0,0.989,0.9381416666666667,0.1789457336169551,1.0,0.970323806126935
22,1,5,1.0,0.9565,1.0,0.9381416666666667,0.1789457336169551,0.9717,0.9740918399571152
23,1,5,0.9717,0.987,0.9917,0.938775,0.17904040653973377,0.9541,0.9495244880646022
0,2,5,0.9541,0.1283,0.1462,0.9374041666666667,0.17878087748916888,0.1331,0.15776033926433392
1,2,5,0.1331,0.9198,0.9534,0.9376041666666667,0.1778365797925695,1.0,0.9784874200158689
2,2,5,1.0,1.0,0.8049,0.9409458333333333,0.1782405286932259,0.9009,0.9818448351576791
3,2,5,0.9009,0.9589,0.9893,0.9368166666666666,0.17796065189582924,0.8826,0.975024056148824
4,2,5,0.8826,0.9817,1.0,0.9336375,0.17823031707291878,1.0,0.9560582910402378
5,2,5,1.0,0.9205,1.0,0.9344,0.17848384167517953,1.0,0.9744365618003393
6,2,5,1.0,0.795,1.0,0.9377125,0.1789517649669394,1.0,0.9586330195745916
7,2,5,1.0,0.9847,1.0,0.9462541666666667,0.1767222974518687,1.0,0.9663327887455156
8,2,5,1.0,1.0,1.0,0.9468916666666667,0.1768945274466675,0.9821,0.9678799871004695
9,2,5,0.9821,1.0,1.0,0.9461458333333334,0.1766985002253391,1.0,0.9698343133602393
10,2,5,1.0,0.9985,0.9506,0.9461458333333334,0.1766985002253391,0.8719,0.9721125972545471
11,2,5,0.8719,0.979,0.9747,0.9408708333333333,0.17695712445371517,0.9337,0.9801674282605976
12,2,5,0.9337,1.0,1.0,0.9389833333333334,0.17677423987690652,0.9917,0.9760364923495447
13,2,5,0.9917,1.0,1.0,0.9386375,0.1766577600468848,0.8685,0.9775768610453927
14,2,5,0.8685,0.9055,0.9888,0.9331583333333332,0.1767110855425412,0.9859,0.9725402438565215
15,2,5,0.9859,1.0,0.964,0.9365083333333333,0.17692591649483225,1.0,0.9788861264861526
16,2,5,1.0,1.0,1.0,0.9365083333333333,0.17692591649483225,1.0,0.9773354078344468
17,2,5,1.0,1.0,1.0,0.9365083333333333,0.17692591649483225,1.0,0.9778683148234864
18,2,5,1.0,1.0,0.8845,0.9365083333333333,0.17692591649483225,0.8992,0.9811051315245982
19,2,5,0.8992,1.0,0.8163,0.9323083333333333,0.1765492046616659,0.9507,0.9631296728225043
20,2,5,0.9507,1.0,0.956,0.9302541666666665,0.1760133541849862,0.97,0.9728788148546638
21,2,5,0.97,1.0,0.9023,0.9290041666666666,0.17560254895438018,0.9746,0.9726975486633692
22,2,5,0.9746,0.9717,0.9593,0.9279458333333334,0.17523221358396512,1.0,0.9756196948192529
23,2,5,1.0,0.9541,0.9882,0.929125,0.17563420051716716,1.0,0.9738684515424496
