timestamp,occupied_berths,occupancy_rate,hour_of_day,day_of_week,month
2024-03-01 00:00:06,1,0.1647,0,4,3
2024-03-01 01:00:06,8,0.9889,1,4,3
2024-03-01 02:00:06,8,1.0,2,4,3
2024-03-01 03:00:06,8,1.0,3,4,3
2024-03-01 04:00:06,8,0.9813,4,4,3
2024-03-01 05:00:06,8,0.9813,5,4,3
2024-03-01 06:00:06,8,1.0,6,4,3
2024-03-01 07:00:06,8,1.0,7,4,3
2024-03-01 08:00:06,8,0.9624,8,4,3
2024-03-01 09:00:06,8,1.0,9,4,3
2024-03-01 10:00:06,8,0.9629,10,4,3
2024-03-01 11:00:06,8,0.9627,11,4,3
2024-03-01 12:00:06,8,1.0,12,4,3
2024-03-01 13:00:06,7,0.8469,13,4,3
2024-03-01 14:00:06,7,0.862,14,4,3
2024-03-01 15:00:06,8,0.955,15,4,3
2024-03-01 16:00:06,7,0.919,16,4,3
2024-03-01 17:00:06,8,1.0,17,4,3
2024-03-01 18:00:06,7,0.9274,18,4,3
2024-03-01 19:00:06,7,0.887,19,4,3
2024-03-01 20:00:06,8,1.0,20,4,3
2024-03-01 21:00:06,8,0.9819,21,4,3
2024-03-01 22:00:06,8,1.0,22,4,3
2024-03-01 23:00:06,7,0.886,23,4,3
2024-03-02 00:00:06,1,0.1,0,5,3
2024-03-02 01:00:06,8,1.0,1,5,3
2024-03-02 02:00:06,7,0.9079,2,5,3
2024-03-02 03:00:06,8,1.0,3,5,3
2024-03-02 04:00:06,8,0.9519,4,5,3
2024-03-02 05:00:06,8,0.9767,5,5,3
2024-03-02 06:00:06,8,0.9519,6,5,3
2024-03-02 07:00:06,8,1.0,7,5,3
2024-03-02 08:00:06,8,0.9989,8,5,3
2024-03-02 09:00:06,7,0.9154,9,5,3
2024-03-02 10:00:06,8,1.0,10,5,3
2024-03-02 11:00:06,7,0.9023,11,5,3
2024-03-02 12:00:06,8,1.0,12,5,3
2024-03-02 13:00:06,7,0.8432,13,5,3
2024-03-02 14:00:06,7,0.8937,14,5,3
2024-03-02 15:00:06,8,1.0,15,5,3
2024-03-02 16:00:06,8,1.0,16,5,3
2024-03-02 17:00:06,8,1.0,17,5,3
2024-03-02 18:00:06,8,0.9907,18,5,3
2024-03-02 19:00:06,8,0.9759,19,5,3
2024-03-02 20:00:06,7,0.8817,20,5,3
2024-03-02 21:00:06,8,0.9424,21,5,3
2024-03-02 22:00:06,8,0.9631,22,5,3
2024-03-02 23:00:06,8,1.0,23,5,3
2024-03-03 00:00:06,1,0.1525,0,6,3
2024-03-03 01:00:06,7,0.859,1,6,3
2024-03-03 02:00:06,8,1.0,2,6,3
2024-03-03 03:00:06,8,0.9692,3,6,3
2024-03-03 04:00:06,8,0.9458,4,6,3
2024-03-03 05:00:06,8,1.0,5,6,3
2024-03-03 06:00:06,8,1.0,6,6,3
2024-03-03 07:00:06,8,1.0,7,6,3
2024-03-03 08:00:06,7,0.9329,8,6,3
2024-03-03 09:00:06,8,0.9753,9,6,3
2024-03-03 10:00:06,8,1.0,10,6,3
2024-03-03 11:00:06,8,1.0,11,6,3
2024-03-03 12:00:06,8,0.9617,12,6,3
2024-03-03 13:00:06,8,0.9851,13,6,3
2024-03-03 14:00:06,7,0.9115,14,6,3
2024-03-03 15:00:06,7,0.9043,15,6,3
2024-03-03 16:00:06,8,1.0,16,6,3
2024-03-03 17:00:06,8,1.0,17,6,3
2024-03-03 18:00:06,8,0.9942,18,6,3
2024-03-03 19:00:06,8,1.0,19,6,3
2024-03-03 20:00:06,8,1.0,20,6,3
2024-03-03 21:00:06,8,0.9484,21,6,3
2024-03-03 22:00:06,8,1.0,22,6,3
2024-03-03 23:00:06,8,1.0,23,6,3
2024-03-04 00:00:06,1,0.1221,0,0,3
2024-03-04 01:00:06,8,1.0,1,0,3
2024-03-04 02:00:06,6,0.7904,2,0,3
2024-03-04 03:00:06,8,1.0,3,0,3
2024-03-04 04:00:06,8,1.0,4,0,3
2024-03-04 05:00:06,8,0.9761,5,0,3
2024-03-04 06:00:06,8,1.0,6,0,3
2024-03-04 07:00:06,7,0.841,7,0,3
2024-03-04 08:00:06,8,0.9824,8,0,3
2024-03-04 09:00:06,8,1.0,9,0,3
2024-03-04 10:00:06,8,1.0,10,0,3
2024-03-04 11:00:06,8,0.9585,11,0,3
2024-03-04 12:00:06,7,0.9353,12,0,3
2024-03-04 13:00:06,8,0.9599,13,0,3
2024-03-04 14:00:06,8,1.0,14,0,3
2024-03-04 15:00:06,8,1.0,15,0,3
2024-03-04 16:00:06,8,0.9576,16,0,3
2024-03-04 17:00:06,8,1.0,17,0,3
2024-03-04 18:00:06,8,1.0,18,0,3
2024-03-04 19:00:06,8,1.0,19,0,3
2024-03-04 20:00:06,8,0.9438,20,0,3
2024-03-04 21:00:06,8,0.9738,21,0,3
2024-03-04 22:00:06,8,0.9686,22,0,3
2024-03-04 23:00:06,7,0.8829,23,0,3
2024-03-05 00:00:06,1,0.1487,0,1,3
2024-03-05 01:00:06,8,1.0,1,1,3
2024-03-05 02:00:06,8,1.0,2,1,3
2024-03-05 03:00:06,8,0.9812,3,1,3
2024-03-05 04:00:06,7,0.8868,4,1,3
2024-03-05 05:00:06,8,0.9663,5,1,3
2024-03-05 06:00:06,8,0.9726,6,1,3
2024-03-05 07:00:06,7,0.9358,7,1,3
2024-03-05 08:00:06,8,0.9871,8,1,3
2024-03-05 09:00:06,8,1.0,9,1,3
2024-03-05 10:00:06,8,1.0,10,1,3
2024-03-05 11:00:06,8,1.0,11,1,3
2024-03-05 12:00:06,8,1.0,12,1,3
2024-03-05 13:00:06,8,0.994,13,1,3
2024-03-05 14:00:06,7,0.8465,14,1,3
2024-03-05 15:00:06,8,0.9979,15,1,3
2024-03-05 16:00:06,8,1.0,16,1,3
2024-03-05 17:00:06,8,1.0,17,1,3
2024-03-05 18:00:06,8,0.9846,18,1,3
2024-03-05 19:00:06,8,1.0,19,1,3
2024-03-05 20:00:06,8,0.9972,20,1,3
2024-03-05 21:00:06,7,0.9065,21,1,3
2024-03-05 22:00:06,8,1.0,22,1,3
2024-03-05 23:00:06,8,1.0,23,1,3
2024-03-06 00:00:06,2,0.1883,0,2,3
2024-03-06 01:00:06,7,0.9272,1,2,3
2024-03-06 02:00:06,8,1.0,2,2,3
2024-03-06 03:00:06,7,0.8879,3,2,3
2024-03-06 04:00:06,8,1.0,4,2,3
2024-03-06 05:00:06,8,1.0,5,2,3
2024-03-06 06:00:06,7,0.9208,6,2,3
2024-03-06 07:00:06,8,0.9547,7,2,3
2024-03-06 08:00:06,8,1.0,8,2,3
2024-03-06 09:00:06,8,0.9597,9,2,3
2024-03-06 10:00:06,7,0.8759,10,2,3
2024-03-06 11:00:06,8,1.0,11,2,3
2024-03-06 12:00:06,7,0.915,12,2,3
2024-03-06 13:00:06,8,1.0,13,2,3
2024-03-06 14:00:06,7,0.9264,14,2,3
2024-03-06 15:00:06,8,1.0,15,2,3
2024-03-06 16:00:06,7,0.9373,16,2,3
2024-03-06 17:00:06,8,0.9742,17,2,3
2024-03-06 18:00:06,8,1.0,18,2,3
2024-03-06 19:00:06,7,0.9015,19,2,3
2024-03-06 20:00:06,8,1.0,20,2,3
2024-03-06 21:00:06,8,1.0,21,2,3
2024-03-06 22:00:06,7,0.8714,22,2,3
2024-03-06 23:00:06,8,1.0,23,2,3
2024-03-07 00:00:06,1,0.1458,0,3,3
2024-03-07 01:00:06,8,1.0,1,3,3
2024-03-07 02:00:06,7,0.901,2,3,3
2024-03-07 03:00:06,7,0.8944,3,3,3
2024-03-07 04:00:06,8,1.0,4,3,3
2024-03-07 05:00:06,8,1.0,5,3,3
2024-03-07 06:00:06,8,1.0,6,3,3
2024-03-07 07:00:06,8,1.0,7,3,3
2024-03-07 08:00:06,8,0.9456,8,3,3
2024-03-07 09:00:06,8,1.0,9,3,3
2024-03-07 10:00:06,8,1.0,10,3,3
2024-03-07 11:00:06,8,0.9429,11,3,3
2024-03-07 12:00:06,8,1.0,12,3,3
2024-03-07 13:00:06,8,1.0,13,3,3
2024-03-07 14:00:06,7,0.9047,14,3,3
2024-03-07 15:00:06,8,1.0,15,3,3
2024-03-07 16:00:06,7,0.922,16,3,3
2024-03-07 17:00:06,8,1.0,17,3,3
2024-03-07 18:00:06,8,1.0,18,3,3
2024-03-07 19:00:06,7,0.9343,19,3,3
2024-03-07 20:00:06,8,1.0,20,3,3
2024-03-07 21:00:06,8,1.0,21,3,3
2024-03-07 22:00:06,8,1.0,22,3,3
2024-03-07 23:00:06,8,1.0,23,3,3
2024-03-08 00:00:06,1,0.1054,0,4,3
2024-03-08 01:00:06,8,0.9397,1,4,3
2024-03-08 02:00:06,7,0.9288,2,4,3
2024-03-08 03:00:06,7,0.9347,3,4,3
2024-03-08 04:00:06,8,0.9938,4,4,3
2024-03-08 05:00:06,8,1.0,5,4,3
2024-03-08 06:00:06,8,1.0,6,4,3
2024-03-08 07:00:06,8,1.0,7,4,3
2024-03-08 08:00:06,8,1.0,8,4,3
2024-03-08 09:00:06,8,1.0,9,4,3
2024-03-08 10:00:06,8,0.9788,10,4,3
2024-03-08 11:00:06,8,1.0,11,4,3
2024-03-08 12:00:06,8,1.0,12,4,3
2024-03-08 13:00:06,7,0.9314,13,4,3
2024-03-08 14:00:06,7,0.9143,14,4,3
2024-03-08 15:00:06,8,1.0,15,4,3
2024-03-08 16:00:06,8,0.9821,16,4,3
2024-03-08 17:00:06,8,1.0,17,4,3
2024-03-08 18:00:06,8,1.0,18,4,3
2024-03-08 19:00:06,8,0.9942,19,4,3
2024-03-08 20:00:06,7,0.9323,20,4,3
2024-03-08 21:00:06,7,0.8788,21,4,3
2024-03-08 22:00:06,8,0.9643,22,4,3
2024-03-08 23:00:06,8,1.0,23,4,3
2024-03-09 00:00:06,1,0.1421,0,5,3
2024-03-09 01:00:06,7,0.9003,1,5,3
2024-03-09 02:00:06,8,1.0,2,5,3
2024-03-09 03:00:06,8,1.0,3,5,3
2024-03-09 04:00:06,7,0.9293,4,5,3
2024-03-09 05:00:06,8,1.0,5,5,3
2024-03-09 06:00:06,8,1.0,6,5,3
2024-03-09 07:00:06,7,0.9086,7,5,3
2024-03-09 08:00:06,8,1.0,8,5,3
2024-03-09 09:00:06,8,1.0,9,5,3
2024-03-09 10:00:06,8,1.0,10,5,3
2024-03-09 11:00:06,8,1.0,11,5,3
2024-03-09 12:00:06,7,0.8898,12,5,3
2024-03-09 13:00:06,7,0.925,13,5,3
2024-03-09 14:00:06,8,1.0,14,5,3
2024-03-09 15:00:06,8,1.0,15,5,3
2024-03-09 16:00:06,8,1.0,16,5,3
2024-03-09 17:00:06,8,1.0,17,5,3
2024-03-09 18:00:06,8,1.0,18,5,3
2024-03-09 19:00:06,8,1.0,19,5,3
2024-03-09 20:00:06,8,1.0,20,5,3
2024-03-09 21:00:06,8,1.0,21,5,3
2024-03-09 22:00:06,8,0.9748,22,5,3
2024-03-09 23:00:06,8,1.0,23,5,3
2024-03-10 00:00:06,1,0.1,0,6,3
2024-03-10 01:00:06,8,0.9811,1,6,3
2024-03-10 02:00:06,8,0.9612,2,6,3
2024-03-10 03:00:06,8,1.0,3,6,3
2024-03-10 04:00:06,8,1.0,4,6,3
2024-03-10 05:00:06,7,0.8506,5,6,3
2024-03-10 06:00:06,8,1.0,6,6,3
2024-03-10 07:00:06,7,0.871,7,6,3
2024-03-10 08:00:06,8,0.9622,8,6,3
2024-03-10 09:00:06,8,1.0,9,6,3
2024-03-10 10:00:06,8,1.0,10,6,3
2024-03-10 11:00:06,7,0.9138,11,6,3
2024-03-10 12:00:06,8,0.9428,12,6,3
2024-03-10 13:00:06,8,1.0,13,6,3
2024-03-10 14:00:06,8,0.9416,14,6,3
2024-03-10 15:00:06,8,1.0,15,6,3
2024-03-10 16:00:06,8,1.0,16,6,3
2024-03-10 17:00:06,8,0.9479,17,6,3
2024-03-10 18:00:06,8,1.0,18,6,3
2024-03-10 19:00:06,8,1.0,19,6,3
2024-03-10 20:00:06,7,0.838,20,6,3
2024-03-10 21:00:06,8,1.0,21,6,3
2024-03-10 22:00:06,8,0.9471,22,6,3
2024-03-10 23:00:06,8,1.0,23,6,3
2024-03-11 00:00:06,1,0.1,0,0,3
2024-03-11 01:00:06,8,0.9908,1,0,3
2024-03-11 02:00:06,8,1.0,2,0,3
2024-03-11 03:00:06,8,1.0,3,0,3
2024-03-11 04:00:06,7,0.904,4,0,3
2024-03-11 05:00:06,8,0.9732,5,0,3
2024-03-11 06:00:06,8,0.962,6,0,3
2024-03-11 07:00:06,8,0.9477,7,0,3
2024-03-11 08:00:06,8,1.0,8,0,3
2024-03-11 09:00:06,8,1.0,9,0,3
2024-03-11 10:00:06,7,0.8991,10,0,3
2024-03-11 11:00:06,8,1.0,11,0,3
2024-03-11 12:00:06,8,1.0,12,0,3
2024-03-11 13:00:06,8,1.0,13,0,3
2024-03-11 14:00:06,7,0.8785,14,0,3
2024-03-11 15:00:06,8,0.9613,15,0,3
2024-03-11 16:00:06,8,1.0,16,0,3
2024-03-11 17:00:06,8,0.9434,17,0,3
2024-03-11 18:00:06,8,1.0,18,0,3
2024-03-11 19:00:06,8,1.0,19,0,3
2024-03-11 20:00:06,7,0.9258,20,0,3
2024-03-11 21:00:06,8,0.9952,21,0,3
2024-03-11 22:00:06,6,0.7407,22,0,3
2024-03-11 23:00:06,7,0.918,23,0,3
2024-03-12 00:00:06,1,0.1048,0,1,3
2024-03-12 01:00:06,7,0.9002,1,1,3
2024-03-12 02:00:06,8,1.0,2,1,3
2024-03-12 03:00:06,7,0.8856,3,1,3
2024-03-12 04:00:06,8,0.9648,4,1,3
2024-03-12 05:00:06,8,1.0,5,1,3
2024-03-12 06:00:06,8,1.0,6,1,3
2024-03-12 07:00:06,7,0.8851,7,1,3
2024-03-12 08:00:06,8,1.0,8,1,3
2024-03-12 09:00:06,8,1.0,9,1,3
2024-03-12 10:00:06,7,0.9215,10,1,3
2024-03-12 11:00:06,8,1.0,11,1,3
2024-03-12 12:00:06,8,1.0,12,1,3
2024-03-12 13:00:06,8,0.952,13,1,3
2024-03-12 14:00:06,8,1.0,14,1,3
2024-03-12 15:00:06,8,0.9692,15,1,3
2024-03-12 16:00:06,8,1.0,16,1,3
2024-03-12 17:00:06,8,1.0,17,1,3
2024-03-12 18:00:06,8,1.0,18,1,3
2024-03-12 19:00:06,7,0.901,19,1,3
2024-03-12 20:00:06,8,1.0,20,1,3
2024-03-12 21:00:06,7,0.8438,21,1,3
2024-03-12 22:00:06,8,0.9879,22,1,3
2024-03-12 23:00:06,8,1.0,23,1,3
2024-03-13 00:00:06,1,0.1475,0,2,3
2024-03-13 01:00:06,8,0.9502,1,2,3
2024-03-13 02:00:06,8,0.9834,2,2,3
2024-03-13 03:00:06,8,0.9606,3,2,3
2024-03-13 04:00:06,8,0.9529,4,2,3
2024-03-13 05:00:06,8,1.0,5,2,3
2024-03-13 06:00:06,8,1.0,6,2,3
2024-03-13 07:00:06,8,0.9446,7,2,3
2024-03-13 08:00:06,8,1.0,8,2,3
2024-03-13 09:00:06,8,1.0,9,2,3
2024-03-13 10:00:06,8,1.0,10,2,3
2024-03-13 11:00:06,8,1.0,11,2,3
2024-03-13 12:00:06,7,0.9337,12,2,3
2024-03-13 13:00:06,8,0.9552,13,2,3
2024-03-13 14:00:06,8,1.0,14,2,3
2024-03-13 15:00:06,8,1.0,15,2,3
2024-03-13 16:00:06,8,0.9983,16,2,3
2024-03-13 17:00:06,8,1.0,17,2,3
2024-03-13 18:00:06,8,1.0,18,2,3
2024-03-13 19:00:06,8,0.9527,19,2,3
2024-03-13 20:00:06,8,1.0,20,2,3
2024-03-13 21:00:06,8,0.9838,21,2,3
2024-03-13 22:00:06,8,0.9826,22,2,3
2024-03-13 23:00:06,8,1.0,23,2,3
2024-03-14 00:00:06,2,0.191,0,3,3
2024-03-14 01:00:06,8,1.0,1,3,3
2024-03-14 02:00:06,8,1.0,2,3,3
2024-03-14 03:00:06,8,1.0,3,3,3
2024-03-14 04:00:06,8,1.0,4,3,3
2024-03-14 05:00:06,8,0.9752,5,3,3
2024-03-14 06:00:06,8,1.0,6,3,3
2024-03-14 07:00:06,8,0.9896,7,3,3
2024-03-14 08:00:06,8,1.0,8,3,3
2024-03-14 09:00:06,8,1.0,9,3,3
2024-03-14 10:00:06,7,0.9345,10,3,3
2024-03-14 11:00:06,8,1.0,11,3,3
2024-03-14 12:00:06,7,0.9195,12,3,3
2024-03-14 13:00:06,7,0.9029,13,3,3
2024-03-14 14:00:06,8,1.0,14,3,3
2024-03-14 15:00:06,8,1.0,15,3,3
2024-03-14 16:00:06,8,1.0,16,3,3
2024-03-14 17:00:06,8,1.0,17,3,3
2024-03-14 18:00:06,8,0.999,18,3,3
2024-03-14 19:00:06,7,0.9282,19,3,3
2024-03-14 20:00:06,8,1.0,20,3,3
2024-03-14 21:00:06,8,0.9458,21,3,3
2024-03-14 22:00:06,8,1.0,22,3,3
2024-03-14 23:00:06,8,0.9882,23,3,3
2024-03-15 00:00:06,1,0.1,0,4,3
2024-03-15 01:00:06,8,0.9743,1,4,3
2024-03-15 02:00:06,8,1.0,2,4,3
2024-03-15 03:00:06,8,0.9549,3,4,3
2024-03-15 04:00:06,7,0.9342,4,4,3
2024-03-15 05:00:06,8,1.0,5,4,3
2024-03-15 06:00:06,8,1.0,6,4,3
2024-03-15 07:00:06,8,0.9594,7,4,3
2024-03-15 08:00:06,8,0.9623,8,4,3
2024-03-15 09:00:06,8,1.0,9,4,3
2024-03-15 10:00:06,7,0.8842,10,4,3
2024-03-15 11:00:06,7,0.8874,11,4,3
2024-03-15 12:00:06,8,0.9425,12,4,3
2024-03-15 13:00:06,8,0.9829,13,4,3
2024-03-15 14:00:06,8,1.0,14,4,3
2024-03-15 15:00:06,8,1.0,15,4,3
2024-03-15 16:00:06,8,1.0,16,4,3
2024-03-15 17:00:06,8,0.9872,17,4,3
2024-03-15 18:00:06,8,0.9985,18,4,3
2024-03-15 19:00:06,7,0.9198,19,4,3
2024-03-15 20:00:06,8,0.9985,20,4,3
2024-03-15 21:00:06,8,0.9769,21,4,3
2024-03-15 22:00:06,8,1.0,22,4,3
2024-03-15 23:00:06,7,0.9338,23,4,3
2024-03-16 00:00:06,1,0.1665,0,5,3
2024-03-16 01:00:06,8,1.0,1,5,3
2024-03-16 02:00:06,8,0.9913,2,5,3
2024-03-16 03:00:06,8,1.0,3,5,3
2024-03-16 04:00:06,8,1.0,4,5,3
2024-03-16 05:00:06,8,0.9679,5,5,3
2024-03-16 06:00:06,8,1.0,6,5,3
2024-03-16 07:00:06,8,1.0,7,5,3
2024-03-16 08:00:06,8,1.0,8,5,3
2024-03-16 09:00:06,8,0.9382,9,5,3
2024-03-16 10:00:06,8,1.0,10,5,3
2024-03-16 11:00:06,8,1.0,11,5,3
2024-03-16 12:00:06,8,1.0,12,5,3
2024-03-16 13:00:06,8,1.0,13,5,3
2024-03-16 14:00:06,8,1.0,14,5,3
2024-03-16 15:00:06,8,0.9386,15,5,3
2024-03-16 16:00:06,8,1.0,16,5,3
2024-03-16 17:00:06,8,1.0,17,5,3
2024-03-16 18:00:06,8,1.0,18,5,3
2024-03-16 19:00:06,7,0.9353,19,5,3
2024-03-16 20:00:06,7,0.9328,20,5,3
2024-03-16 21:00:06,8,0.952,21,5,3
2024-03-16 22:00:06,7,0.8301,22,5,3
2024-03-16 23:00:06,8,0.9579,23,5,3
2024-03-17 00:00:06,1,0.1,0,6,3
2024-03-17 01:00:06,8,1.0,1,6,3
2024-03-17 02:00:06,8,1.0,2,6,3
2024-03-17 03:00:06,8,1.0,3,6,3
2024-03-17 04:00:06,8,1.0,4,6,3
2024-03-17 05:00:06,8,0.9538,5,6,3
2024-03-17 06:00:06,7,0.9281,6,6,3
2024-03-17 07:00:06,8,1.0,7,6,3
2024-03-17 08:00:06,7,0.8944,8,6,3
2024-03-17 09:00:06,8,1.0,9,6,3
2024-03-17 10:00:06,8,1.0,10,6,3
2024-03-17 11:00:06,8,0.9625,11,6,3
2024-03-17 12:00:06,7,0.8629,12,6,3
2024-03-17 13:00:06,8,1.0,13,6,3
2024-03-17 14:00:06,8,0.9908,14,6,3
2024-03-17 15:00:06,8,1.0,15,6,3
2024-03-17 16:00:06,7,0.8724,16,6,3
2024-03-17 17:00:06,8,0.952,17,6,3
2024-03-17 18:00:06,8,1.0,18,6,3
2024-03-17 19:00:06,8,1.0,19,6,3
2024-03-17 20:00:06,8,0.964,20,6,3
2024-03-17 21:00:06,8,1.0,21,6,3
2024-03-17 22:00:06,7,0.9146,22,6,3
2024-03-17 23:00:06,8,0.9886,23,6,3
2024-03-18 00:00:06,1,0.1346,0,0,3
2024-03-18 01:00:06,8,1.0,1,0,3
2024-03-18 02:00:06,8,1.0,2,0,3
2024-03-18 03:00:06,7,0.91,3,0,3
2024-03-18 04:00:06,7,0.8773,4,0,3
2024-03-18 05:00:06,8,1.0,5,0,3
2024-03-18 06:00:06,8,1.0,6,0,3
2024-03-18 07:00:06,8,0.9401,7,0,3
2024-03-18 08:00:06,8,1.0,8,0,3
2024-03-18 09:00:06,8,1.0,9,0,3
2024-03-18 10:00:06,8,1.0,10,0,3
2024-03-18 11:00:06,8,1.0,11,0,3
2024-03-18 12:00:06,8,1.0,12,0,3
2024-03-18 13:00:06,8,1.0,13,0,3
2024-03-18 14:00:06,8,0.9801,14,0,3
2024-03-18 15:00:06,8,1.0,15,0,3
2024-03-18 16:00:06,8,1.0,16,0,3
2024-03-18 17:00:06,8,1.0,17,0,3
2024-03-18 18:00:06,7,0.9228,18,0,3
2024-03-18 19:00:06,8,1.0,19,0,3
2024-03-18 20:00:06,8,1.0,20,0,3
2024-03-18 21:00:06,7,0.8593,21,0,3
2024-03-18 22:00:06,7,0.9053,22,0,3
2024-03-18 23:00:06,7,0.8369,23,0,3
2024-03-19 00:00:06,1,0.1034,0,1,3
2024-03-19 01:00:06,8,1.0,1,1,3
2024-03-19 02:00:06,8,1.0,2,1,3
2024-03-19 03:00:06,8,1.0,3,1,3
2024-03-19 04:00:06,8,1.0,4,1,3
2024-03-19 05:00:06,7,0.8896,5,1,3
2024-03-19 06:00:06,7,0.8637,6,1,3
2024-03-19 07:00:06,8,0.9956,7,1,3
2024-03-19 08:00:06,8,1.0,8,1,3
2024-03-19 09:00:06,8,0.9974,9,1,3
2024-03-19 10:00:06,7,0.8346,10,1,3
2024-03-19 11:00:06,8,0.9929,11,1,3
2024-03-19 12:00:06,7,0.8956,12,1,3
2024-03-19 13:00:06,8,1.0,13,1,3
2024-03-19 14:00:06,8,1.0,14,1,3
2024-03-19 15:00:06,7,0.9248,15,1,3
2024-03-19 16:00:06,8,0.9589,16,1,3
2024-03-19 17:00:06,7,0.9153,17,1,3
2024-03-19 18:00:06,8,0.995,18,1,3
2024-03-19 19:00:06,8,1.0,19,1,3
2024-03-19 20:00:06,7,0.9211,20,1,3
2024-03-19 21:00:06,8,1.0,21,1,3
2024-03-19 22:00:06,8,0.9576,22,1,3
2024-03-19 23:00:06,7,0.9366,23,1,3
2024-03-20 00:00:06,1,0.1164,0,2,3
2024-03-20 01:00:06,7,0.9172,1,2,3
2024-03-20 02:00:06,8,0.9557,2,2,3
2024-03-20 03:00:06,7,0.9042,3,2,3
2024-03-20 04:00:06,8,1.0,4,2,3
2024-03-20 05:00:06,8,1.0,5,2,3
2024-03-20 06:00:06,8,0.944,6,2,3
2024-03-20 07:00:06,8,1.0,7,2,3
2024-03-20 08:00:06,8,0.991,8,2,3
2024-03-20 09:00:06,8,0.9823,9,2,3
2024-03-20 10:00:06,8,1.0,10,2,3
2024-03-20 11:00:06,8,1.0,11,2,3
2024-03-20 12:00:06,8,0.9576,12,2,3
2024-03-20 13:00:06,8,0.9539,13,2,3
2024-03-20 14:00:06,8,0.978,14,2,3
2024-03-20 15:00:06,7,0.8158,15,2,3
2024-03-20 16:00:06,7,0.8788,16,2,3
2024-03-20 17:00:06,8,1.0,17,2,3
2024-03-20 18:00:06,8,1.0,18,2,3
2024-03-20 19:00:06,8,0.9801,19,2,3
2024-03-20 20:00:06,8,1.0,20,2,3
2024-03-20 21:00:06,8,1.0,21,2,3
2024-03-20 22:00:06,8,1.0,22,2,3
2024-03-20 23:00:06,8,1.0,23,2,3
2024-03-21 00:00:06,1,0.1148,0,3,3
2024-03-21 01:00:06,7,0.9236,1,3,3
2024-03-21 02:00:06,7,0.8715,2,3,3
2024-03-21 03:00:06,8,1.0,3,3,3
2024-03-21 04:00:06,8,0.9395,4,3,3
2024-03-21 05:00:06,7,0.8862,5,3,3
2024-03-21 06:00:06,8,0.9483,6,3,3
2024-03-21 07:00:06,7,0.9135,7,3,3
2024-03-21 08:00:06,8,1.0,8,3,3
2024-03-21 09:00:06,8,1.0,9,3,3
2024-03-21 10:00:06,8,0.9994,10,3,3
2024-03-21 11:00:06,8,1.0,11,3,3
2024-03-21 12:00:06,8,1.0,12,3,3
2024-03-21 13:00:06,7,0.9311,13,3,3
2024-03-21 14:00:06,8,1.0,14,3,3
2024-03-21 15:00:06,8,1.0,15,3,3
2024-03-21 16:00:06,7,0.917,16,3,3
2024-03-21 17:00:06,8,0.9848,17,3,3
2024-03-21 18:00:06,7,0.93,18,3,3
2024-03-21 19:00:06,7,0.8894,19,3,3
2024-03-21 20:00:06,8,1.0,20,3,3
2024-03-21 21:00:06,8,1.0,21,3,3
2024-03-21 22:00:06,7,0.8881,22,3,3
2024-03-21 23:00:06,8,1.0,23,3,3
2024-03-22 00:00:06,1,0.1,0,4,3
2024-03-22 01:00:06,8,0.961,1,4,3
2024-03-22 02:00:06,8,0.9526,2,4,3
2024-03-22 03:00:06,7,0.9309,3,4,3
2024-03-22 04:00:06,8,1.0,4,4,3
2024-03-22 05:00:06,7,0.9335,5,4,3
2024-03-22 06:00:06,8,1.0,6,4,3
2024-03-22 07:00:06,8,0.996,7,4,3
2024-03-22 08:00:06,8,0.9809,8,4,3
2024-03-22 09:00:06,7,0.9274,9,4,3
2024-03-22 10:00:06,8,0.9539,10,4,3
2024-03-22 11:00:06,8,1.0,11,4,3
2024-03-22 12:00:06,8,1.0,12,4,3
2024-03-22 13:00:06,7,0.9218,13,4,3
2024-03-22 14:00:06,8,1.0,14,4,3
2024-03-22 15:00:06,8,1.0,15,4,3
2024-03-22 16:00:06,7,0.8664,16,4,3
2024-03-22 17:00:06,8,1.0,17,4,3
2024-03-22 18:00:06,8,0.947,18,4,3
2024-03-22 19:00:06,8,1.0,19,4,3
2024-03-22 20:00:06,8,0.9389,20,4,3
2024-03-22 21:00:06,7,0.8556,21,4,3
2024-03-22 22:00:06,7,0.8698,22,4,3
2024-03-22 23:00:06,8,1.0,23,4,3
2024-03-23 00:00:06,1,0.1458,0,5,3
2024-03-23 01:00:06,7,0.9277,1,5,3
2024-03-23 02:00:06,8,1.0,2,5,3
2024-03-23 03:00:06,7,0.8671,3,5,3
2024-03-23 04:00:06,8,0.9947,4,5,3
2024-03-23 05:00:06,7,0.9031,5,5,3
2024-03-23 06:00:06,8,0.9479,6,5,3
2024-03-23 07:00:06,8,1.0,7,5,3
2024-03-23 08:00:06,7,0.9312,8,5,3
2024-03-23 09:00:06,8,0.9692,9,5,3
2024-03-23 10:00:06,8,1.0,10,5,3
2024-03-23 11:00:06,8,0.9538,11,5,3
2024-03-23 12:00:06,8,1.0,12,5,3
2024-03-23 13:00:06,7,0.9096,13,5,3
2024-03-23 14:00:06,8,1.0,14,5,3
2024-03-23 15:00:06,8,1.0,15,5,3
2024-03-23 16:00:06,6,0.8023,16,5,3
2024-03-23 17:00:06,7,0.9362,17,5,3
2024-03-23 18:00:06,8,1.0,18,5,3
2024-03-23 19:00:06,8,0.9838,19,5,3
2024-03-23 20:00:06,8,1.0,20,5,3
2024-03-23 21:00:06,8,0.9517,21,5,3
2024-03-23 22:00:06,8,1.0,22,5,3
2024-03-23 23:00:06,8,0.9875,23,5,3
2024-03-24 00:00:06,2,0.2184,0,6,3
2024-03-24 01:00:06,8,1.0,1,6,3
2024-03-24 02:00:06,8,1.0,2,6,3
2024-03-24 03:00:06,8,0.967,3,6,3
2024-03-24 04:00:06,8,0.961,4,6,3
2024-03-24 05:00:06,8,0.9654,5,6,3
2024-03-24 06:00:06,8,1.0,6,6,3
2024-03-24 07:00:06,8,0.9663,7,6,3
2024-03-24 08:00:06,8,1.0,8,6,3
2024-03-24 09:00:06,8,1.0,9,6,3
2024-03-24 10:00:06,8,1.0,10,6,3
2024-03-24 11:00:06,8,0.9739,11,6,3
2024-03-24 12:00:06,8,1.0,12,6,3
2024-03-24 13:00:06,8,0.9674,13,6,3
2024-03-24 14:00:06,7,0.837,14,6,3
2024-03-24 15:00:06,7,0.9194,15,6,3
2024-03-24 16:00:06,7,0.8503,16,6,3
2024-03-24 17:00:06,8,0.9719,17,6,3
2024-03-24 18:00:06,8,1.0,18,6,3
2024-03-24 19:00:06,8,1.0,19,6,3
2024-03-24 20:00:06,8,1.0,20,6,3
2024-03-24 21:00:06,8,0.9825,21,6,3
2024-03-24 22:00:06,8,1.0,22,6,3
2024-03-24 23:00:06,7,0.8231,23,6,3
2024-03-25 00:00:06,1,0.1438,0,0,3
2024-03-25 01:00:06,8,1.0,1,0,3
2024-03-25 02:00:06,7,0.8817,2,0,3
2024-03-25 03:00:06,8,1.0,3,0,3
2024-03-25 04:00:06,8,1.0,4,0,3
2024-03-25 05:00:06,8,0.9668,5,0,3
2024-03-25 06:00:06,8,1.0,6,0,3
2024-03-25 07:00:06,8,1.0,7,0,3
2024-03-25 08:00:06,8,1.0,8,0,3
2024-03-25 09:00:06,8,1.0,9,0,3
2024-03-25 10:00:06,8,0.9633,10,0,3
2024-03-25 11:00:06,7,0.932,11,0,3
2024-03-25 12:00:06,8,1.0,12,0,3
2024-03-25 13:00:06,7,0.9315,13,0,3
2024-03-25 14:00:06,8,1.0,14,0,3
2024-03-25 15:00:06,8,0.9618,15,0,3
2024-03-25 16:00:06,8,1.0,16,0,3
2024-03-25 17:00:06,8,1.0,17,0,3
2024-03-25 18:00:06,8,1.0,18,0,3
2024-03-25 19:00:06,8,0.9592,19,0,3
2024-03-25 20:00:06,8,0.9784,20,0,3
2024-03-25 21:00:06,7,0.9217,21,0,3
2024-03-25 22:00:06,8,0.9645,22,0,3
2024-03-25 23:00:06,8,1.0,23,0,3
2024-03-26 00:00:06,1,0.1856,0,1,3
2024-03-26 01:00:06,7,0.9262,1,1,3
2024-03-26 02:00:06,8,1.0,2,1,3
2024-03-26 03:00:06,8,1.0,3,1,3
2024-03-26 04:00:06,8,1.0,4,1,3
2024-03-26 05:00:06,8,1.0,5,1,3
2024-03-26 06:00:06,8,0.9381,6,1,3
2024-03-26 07:00:06,7,0.9004,7,1,3
2024-03-26 08:00:06,7,0.8577,8,1,3
2024-03-26 09:00:06,8,1.0,9,1,3
2024-03-26 10:00:06,8,1.0,10,1,3
2024-03-26 11:00:06,8,0.9956,11,1,3
2024-03-26 12:00:06,8,1.0,12,1,3
2024-03-26 13:00:06,7,0.91,13,1,3
2024-03-26 14:00:06,8,1.0,14,1,3
2024-03-26 15:00:06,8,1.0,15,1,3
2024-03-26 16:00:06,8,1.0,16,1,3
2024-03-26 17:00:06,8,1.0,17,1,3
2024-03-26 18:00:06,8,1.0,18,1,3
2024-03-26 19:00:06,8,1.0,19,1,3
2024-03-26 20:00:06,7,0.9368,20,1,3
2024-03-26 21:00:06,8,1.0,21,1,3
2024-03-26 22:00:06,8,1.0,22,1,3
2024-03-26 23:00:06,8,1.0,23,1,3
2024-03-27 00:00:06,2,0.2525,0,2,3
2024-03-27 01:00:06,8,0.9591,1,2,3
2024-03-27 02:00:06,7,0.9208,2,2,3
2024-03-27 03:00:06,8,0.9899,3,2,3
2024-03-27 04:00:06,8,1.0,4,2,3
2024-03-27 05:00:06,8,1.0,5,2,3
2024-03-27 06:00:06,7,0.8646,6,2,3
2024-03-27 07:00:06,8,1.0,7,2,3
2024-03-27 08:00:06,8,0.9874,8,2,3
2024-03-27 09:00:06,8,0.9658,9,2,3
2024-03-27 10:00:06,7,0.919,10,2,3
2024-03-27 11:00:06,7,0.8676,11,2,3
2024-03-27 12:00:06,8,1.0,12,2,3
2024-03-27 13:00:06,8,1.0,13,2,3
2024-03-27 14:00:06,7,0.8968,14,2,3
2024-03-27 15:00:06,7,0.8964,15,2,3
2024-03-27 16:00:06,8,0.9731,16,2,3
2024-03-27 17:00:06,8,1.0,17,2,3
2024-03-27 18:00:06,8,0.9792,18,2,3
2024-03-27 19:00:06,7,0.8797,19,2,3
2024-03-27 20:00:06,8,0.9803,20,2,3
2024-03-27 21:00:06,8,0.9782,21,2,3
2024-03-27 22:00:06,6,0.7842,22,2,3
2024-03-27 23:00:06,8,0.9957,23,2,3
2024-03-28 00:00:06,1,0.1065,0,3,3
2024-03-28 01:00:06,8,1.0,1,3,3
2024-03-28 02:00:06,8,1.0,2,3,3
2024-03-28 03:00:06,8,1.0,3,3,3
2024-03-28 04:00:06,8,0.9785,4,3,3
2024-03-28 05:00:06,7,0.9115,5,3,3
2024-03-28 06:00:06,8,1.0,6,3,3
2024-03-28 07:00:06,8,1.0,7,3,3
2024-03-28 08:00:06,8,1.0,8,3,3
2024-03-28 09:00:06,8,0.9981,9,3,3
2024-03-28 10:00:06,8,1.0,10,3,3
2024-03-28 11:00:06,8,0.9885,11,3,3
2024-03-28 12:00:06,8,0.9541,12,3,3
2024-03-28 13:00:06,8,0.9563,13,3,3
2024-03-28 14:00:06,8,0.9974,14,3,3
2024-03-28 15:00:06,8,0.9565,15,3,3
2024-03-28 16:00:06,8,0.943,16,3,3
2024-03-28 17:00:06,8,1.0,17,3,3
2024-03-28 18:00:06,8,0.9796,18,3,3
2024-03-28 19:00:06,8,1.0,19,3,3
2024-03-28 20:00:06,6,0.7879,20,3,3
2024-03-28 21:00:06,8,1.0,21,3,3
2024-03-28 22:00:06,8,1.0,22,3,3
2024-03-28 23:00:06,7,0.8341,23,3,3
2024-03-29 00:00:06,1,0.1,0,4,3
2024-03-29 01:00:06,8,0.9703,1,4,3
2024-03-29 02:00:06,7,0.8874,2,4,3
2024-03-29 03:00:06,8,0.9378,3,4,3
2024-03-29 04:00:06,7,0.9112,4,4,3
2024-03-29 05:00:06,8,1.0,5,4,3
2024-03-29 06:00:06,8,1.0,6,4,3
2024-03-29 07:00:06,8,1.0,7,4,3
2024-03-29 08:00:06,8,1.0,8,4,3
2024-03-29 09:00:06,7,0.9097,9,4,3
2024-03-29 10:00:06,8,0.958,10,4,3
2024-03-29 11:00:06,8,1.0,11,4,3
2024-03-29 12:00:06,7,0.9022,12,4,3
2024-03-29 13:00:06,8,1.0,13,4,3
2024-03-29 14:00:06,8,0.9808,14,4,3
2024-03-29 15:00:06,8,0.97,15,4,3
2024-03-29 16:00:06,8,1.0,16,4,3
2024-03-29 17:00:06,8,1.0,17,4,3
2024-03-29 18:00:06,8,0.9711,18,4,3
2024-03-29 19:00:06,8,1.0,19,4,3
2024-03-29 20:00:06,7,0.9135,20,4,3
2024-03-29 21:00:06,8,1.0,21,4,3
2024-03-29 22:00:06,8,1.0,22,4,3
2024-03-29 23:00:06,8,0.9752,23,4,3
2024-03-30 00:00:06,1,0.1511,0,5,3
2024-03-30 01:00:06,7,0.8999,1,5,3
2024-03-30 02:00:06,8,1.0,2,5,3
2024-03-30 03:00:06,8,0.9852,3,5,3
2024-03-30 04:00:06,8,0.9582,4,5,3
2024-03-30 05:00:06,8,1.0,5,5,3
2024-03-30 06:00:06,8,0.9437,6,5,3
2024-03-30 07:00:06,7,0.8873,7,5,3
2024-03-30 08:00:06,7,0.8755,8,5,3
2024-03-30 09:00:06,8,1.0,9,5,3
2024-03-30 10:00:06,7,0.8976,10,5,3
2024-03-30 11:00:06,8,1.0,11,5,3
2024-03-30 12:00:06,7,0.8334,12,5,3
2024-03-30 13:00:06,8,1.0,13,5,3
2024-03-30 14:00:06,8,1.0,14,5,3
2024-03-30 15:00:06,8,0.9923,15,5,3
2024-03-30 16:00:06,8,0.9564,16,5,3
2024-03-30 17:00:06,8,1.0,17,5,3
2024-03-30 18:00:06,8,0.997,18,5,3
2024-03-30 19:00:06,8,1.0,19,5,3
2024-03-30 20:00:06,8,1.0,20,5,3
2024-03-30 21:00:06,8,1.0,21,5,3
2024-03-30 22:00:06,8,0.9709,22,5,3
2024-03-30 23:00:06,8,0.9954,23,5,3
2024-03-31 00:00:06,1,0.1496,0,6,3
2024-03-31 01:00:06,7,0.8632,1,6,3
2024-03-31 02:00:06,7,0.8921,2,6,3
2024-03-31 03:00:06,8,1.0,3,6,3
2024-03-31 04:00:06,8,1.0,4,6,3
2024-03-31 05:00:06,8,0.9853,5,6,3
2024-03-31 06:00:06,8,1.0,6,6,3
2024-03-31 07:00:06,8,1.0,7,6,3
2024-03-31 08:00:06,8,0.9568,8,6,3
2024-03-31 09:00:06,8,0.9377,9,6,3
2024-03-31 10:00:06,8,1.0,10,6,3
2024-03-31 11:00:06,7,0.9217,11,6,3
2024-03-31 12:00:06,8,1.0,12,6,3
2024-03-31 13:00:06,7,0.8638,13,6,3
2024-03-31 14:00:06,8,1.0,14,6,3
2024-03-31 15:00:06,8,1.0,15,6,3
2024-03-31 16:00:06,8,1.0,16,6,3
2024-03-31 17:00:06,8,1.0,17,6,3
2024-03-31 18:00:06,8,1.0,18,6,3
2024-03-31 19:00:06,8,1.0,19,6,3
2024-03-31 20:00:06,7,0.8527,20,6,3
2024-03-31 21:00:06,7,0.8976,21,6,3
2024-03-31 22:00:06,8,0.95,22,6,3
2024-03-31 23:00:06,8,1.0,23,6,3
2024-04-01 00:00:06,1,0.1664,0,0,4
2024-04-01 01:00:06,8,0.9419,1,0,4
2024-04-01 02:00:06,8,1.0,2,0,4
2024-04-01 03:00:06,8,0.9396,3,0,4
2024-04-01 04:00:06,8,0.9511,4,0,4
2024-04-01 05:00:06,7,0.8875,5,0,4
2024-04-01 06:00:06,7,0.9261,6,0,4
2024-04-01 07:00:06,7,0.8919,7,0,4
2024-04-01 08:00:06,7,0.9219,8,0,4
2024-04-01 09:00:06,8,1.0,9,0,4
2024-04-01 10:00:06,7,0.924,10,0,4
2024-04-01 11:00:06,8,1.0,11,0,4
2024-04-01 12:00:06,8,1.0,12,0,4
2024-04-01 13:00:06,8,1.0,13,0,4
2024-04-01 14:00:06,7,0.9313,14,0,4
2024-04-01 15:00:06,8,1.0,15,0,4
2024-04-01 16:00:06,8,0.9539,16,0,4
2024-04-01 17:00:06,8,1.0,17,0,4
2024-04-01 18:00:06,8,1.0,18,0,4
2024-04-01 19:00:06,8,0.9923,19,0,4
2024-04-01 20:00:06,8,1.0,20,0,4
2024-04-01 21:00:06,8,0.9437,21,0,4
2024-04-01 22:00:06,8,0.9972,22,0,4
2024-04-01 23:00:06,8,1.0,23,0,4
2024-04-02 00:00:06,1,0.1,0,1,4
2024-04-02 01:00:06,8,1.0,1,1,4
2024-04-02 02:00:06,8,1.0,2,1,4
2024-04-02 03:00:06,8,0.955,3,1,4
2024-04-02 04:00:06,8,1.0,4,1,4
2024-04-02 05:00:06,8,1.0,5,1,4
2024-04-02 06:00:06,8,1.0,6,1,4
2024-04-02 07:00:06,7,0.8744,7,1,4
2024-04-02 08:00:06,8,0.9418,8,1,4
2024-04-02 09:00:06,8,0.9802,9,1,4
2024-04-02 10:00:06,8,0.994,10,1,4
2024-04-02 11:00:06,8,1.0,11,1,4
2024-04-02 12:00:06,8,1.0,12,1,4
2024-04-02 13:00:06,7,0.8932,13,1,4
2024-04-02 14:00:06,8,1.0,14,1,4
2024-04-02 15:00:06,8,1.0,15,1,4
2024-04-02 16:00:06,8,1.0,16,1,4
2024-04-02 17:00:06,8,1.0,17,1,4
2024-04-02 18:00:06,8,1.0,18,1,4
2024-04-02 19:00:06,8,1.0,19,1,4
2024-04-02 20:00:06,8,0.9944,20,1,4
2024-04-02 21:00:06,7,0.8671,21,1,4
2024-04-02 22:00:06,8,1.0,22,1,4
2024-04-02 23:00:06,8,1.0,23,1,4
2024-04-03 00:00:06,1,0.1467,0,2,4
2024-04-03 01:00:06,7,0.8979,1,2,4
2024-04-03 02:00:06,7,0.9135,2,2,4
2024-04-03 03:00:06,8,1.0,3,2,4
2024-04-03 04:00:06,8,0.9968,4,2,4
2024-04-03 05:00:06,8,1.0,5,2,4
2024-04-03 06:00:06,8,1.0,6,2,4
2024-04-03 07:00:06,8,1.0,7,2,4
2024-04-03 08:00:06,8,1.0,8,2,4
2024-04-03 09:00:06,8,0.9587,9,2,4
2024-04-03 10:00:06,8,1.0,10,2,4
2024-04-03 11:00:06,8,0.963,11,2,4
2024-04-03 12:00:06,8,0.9652,12,2,4
2024-04-03 13:00:06,8,0.9753,13,2,4
2024-04-03 14:00:06,8,1.0,14,2,4
2024-04-03 15:00:06,8,0.9617,15,2,4
2024-04-03 16:00:06,8,1.0,16,2,4
2024-04-03 17:00:06,7,0.9284,17,2,4
2024-04-03 18:00:06,8,0.9851,18,2,4
2024-04-03 19:00:06,8,0.9648,19,2,4
2024-04-03 20:00:06,8,1.0,20,2,4
2024-04-03 21:00:06,8,1.0,21,2,4
2024-04-03 22:00:06,8,1.0,22,2,4
2024-04-03 23:00:06,7,0.8812,23,2,4
2024-04-04 00:00:06,1,0.1464,0,3,4
2024-04-04 01:00:06,8,1.0,1,3,4
2024-04-04 02:00:06,8,1.0,2,3,4
2024-04-04 03:00:06,8,1.0,3,3,4
2024-04-04 04:00:06,8,0.9586,4,3,4
2024-04-04 05:00:06,8,1.0,5,3,4
2024-04-04 06:00:06,8,1.0,6,3,4
2024-04-04 07:00:06,8,0.971,7,3,4
2024-04-04 08:00:06,8,0.9644,8,3,4
2024-04-04 09:00:06,8,1.0,9,3,4
2024-04-04 10:00:06,8,1.0,10,3,4
2024-04-04 11:00:06,8,0.9582,11,3,4
2024-04-04 12:00:06,8,0.9664,12,3,4
2024-04-04 13:00:06,8,0.9775,13,3,4
2024-04-04 14:00:06,7,0.8924,14,3,4
2024-04-04 15:00:06,7,0.9265,15,3,4
2024-04-04 16:00:06,7,0.9197,16,3,4
2024-04-04 17:00:06,8,0.9386,17,3,4
2024-04-04 18:00:06,8,0.9972,18,3,4
2024-04-04 19:00:06,8,1.0,19,3,4
2024-04-04 20:00:06,8,1.0,20,3,4
2024-04-04 21:00:06,7,0.9201,21,3,4
2024-04-04 22:00:06,8,1.0,22,3,4
2024-04-04 23:00:06,8,0.9829,23,3,4
2024-04-05 00:00:06,1,0.121,0,4,4
2024-04-05 01:00:06,8,1.0,1,4,4
2024-04-05 02:00:06,7,0.9102,2,4,4
2024-04-05 03:00:06,8,1.0,3,4,4
2024-04-05 04:00:06,8,1.0,4,4,4
2024-04-05 05:00:06,8,1.0,5,4,4
2024-04-05 06:00:06,8,1.0,6,4,4
2024-04-05 07:00:06,8,1.0,7,4,4
2024-04-05 08:00:06,8,0.949,8,4,4
2024-04-05 09:00:06,8,0.9575,9,4,4
2024-04-05 10:00:06,8,0.9501,10,4,4
2024-04-05 11:00:06,8,0.9556,11,4,4
2024-04-05 12:00:06,8,0.949,12,4,4
2024-04-05 13:00:06,8,1.0,13,4,4
2024-04-05 14:00:06,8,1.0,14,4,4
2024-04-05 15:00:06,8,0.9543,15,4,4
2024-04-05 16:00:06,7,0.9334,16,4,4
2024-04-05 17:00:06,8,1.0,17,4,4
2024-04-05 18:00:06,8,0.9558,18,4,4
2024-04-05 19:00:06,8,1.0,19,4,4
2024-04-05 20:00:06,8,1.0,20,4,4
2024-04-05 21:00:06,7,0.8787,21,4,4
2024-04-05 22:00:06,8,1.0,22,4,4
2024-04-05 23:00:06,8,1.0,23,4,4
2024-04-06 00:00:06,1,0.1,0,5,4
2024-04-06 01:00:06,8,0.969,1,5,4
2024-04-06 02:00:06,8,1.0,2,5,4
2024-04-06 03:00:06,8,1.0,3,5,4
2024-04-06 04:00:06,8,1.0,4,5,4
2024-04-06 05:00:06,8,1.0,5,5,4
2024-04-06 06:00:06,8,0.9858,6,5,4
2024-04-06 07:00:06,7,0.9361,7,5,4
2024-04-06 08:00:06,7,0.8897,8,5,4
2024-04-06 09:00:06,8,0.9415,9,5,4
2024-04-06 10:00:06,8,0.9973,10,5,4
2024-04-06 11:00:06,8,1.0,11,5,4
2024-04-06 12:00:06,8,0.9586,12,5,4
2024-04-06 13:00:06,8,1.0,13,5,4
2024-04-06 14:00:06,8,0.9987,14,5,4
2024-04-06 15:00:06,8,1.0,15,5,4
2024-04-06 16:00:06,8,1.0,16,5,4
2024-04-06 17:00:06,8,0.9575,17,5,4
2024-04-06 18:00:06,8,0.9608,18,5,4
2024-04-06 19:00:06,8,1.0,19,5,4
2024-04-06 20:00:06,8,1.0,20,5,4
2024-04-06 21:00:06,8,1.0,21,5,4
2024-04-06 22:00:06,8,1.0,22,5,4
2024-04-06 23:00:06,8,0.9713,23,5,4
2024-04-07 00:00:06,1,0.1723,0,6,4
2024-04-07 01:00:06,8,1.0,1,6,4
2024-04-07 02:00:06,8,1.0,2,6,4
2024-04-07 03:00:06,8,1.0,3,6,4
2024-04-07 04:00:06,8,1.0,4,6,4
2024-04-07 05:00:06,8,1.0,5,6,4
2024-04-07 06:00:06,8,1.0,6,6,4
2024-04-07 07:00:06,8,1.0,7,6,4
2024-04-07 08:00:06,8,0.9866,8,6,4
2024-04-07 09:00:06,8,1.0,9,6,4
2024-04-07 10:00:06,8,1.0,10,6,4
2024-04-07 11:00:06,7,0.9346,11,6,4
2024-04-07 12:00:06,8,1.0,12,6,4
2024-04-07 13:00:06,8,0.9685,13,6,4
2024-04-07 14:00:06,8,1.0,14,6,4
2024-04-07 15:00:06,8,1.0,15,6,4
2024-04-07 16:00:06,8,1.0,16,6,4
2024-04-07 17:00:06,8,1.0,17,6,4
2024-04-07 18:00:06,7,0.8912,18,6,4
2024-04-07 19:00:06,8,1.0,19,6,4
2024-04-07 20:00:06,8,1.0,20,6,4
2024-04-07 21:00:06,8,1.0,21,6,4
2024-04-07 22:00:06,8,0.9754,22,6,4
2024-04-07 23:00:06,8,1.0,23,6,4
2024-04-08 00:00:06,1,0.145,0,0,4
2024-04-08 01:00:06,8,1.0,1,0,4
2024-04-08 02:00:06,8,0.9924,2,0,4
2024-04-08 03:00:06,8,1.0,3,0,4
2024-04-08 04:00:06,8,1.0,4,0,4
2024-04-08 05:00:06,8,1.0,5,0,4
2024-04-08 06:00:06,8,0.9643,6,0,4
2024-04-08 07:00:06,8,1.0,7,0,4
2024-04-08 08:00:06,8,1.0,8,0,4
2024-04-08 09:00:06,7,0.9179,9,0,4
2024-04-08 10:00:06,8,1.0,10,0,4
2024-04-08 11:00:06,8,0.944,11,0,4
2024-04-08 12:00:06,8,1.0,12,0,4
2024-04-08 13:00:06,7,0.8781,13,0,4
2024-04-08 14:00:06,8,0.9553,14,0,4
2024-04-08 15:00:06,8,1.0,15,0,4
2024-04-08 16:00:06,8,1.0,16,0,4
2024-04-08 17:00:06,8,0.9947,17,0,4
2024-04-08 18:00:06,8,0.9556,18,0,4
2024-04-08 19:00:06,8,1.0,19,0,4
2024-04-08 20:00:06,7,0.8842,20,0,4
2024-04-08 21:00:06,7,0.8241,21,0,4
2024-04-08 22:00:06,8,1.0,22,0,4
2024-04-08 23:00:06,8,0.9598,23,0,4
2024-04-09 00:00:06,1,0.1,0,1,4
2024-04-09 01:00:06,8,1.0,1,1,4
2024-04-09 02:00:06,8,1.0,2,1,4
2024-04-09 03:00:06,8,0.9549,3,1,4
2024-04-09 04:00:06,7,0.8976,4,1,4
2024-04-09 05:00:06,8,1.0,5,1,4
2024-04-09 06:00:06,8,1.0,6,1,4
2024-04-09 07:00:06,8,0.9921,7,1,4
2024-04-09 08:00:06,8,1.0,8,1,4
2024-04-09 09:00:06,7,0.9144,9,1,4
2024-04-09 10:00:06,7,0.878,10,1,4
2024-04-09 11:00:06,8,0.9446,11,1,4
2024-04-09 12:00:06,8,0.9964,12,1,4
2024-04-09 13:00:06,8,1.0,13,1,4
2024-04-09 14:00:06,8,0.9807,14,1,4
2024-04-09 15:00:06,8,1.0,15,1,4
2024-04-09 16:00:06,7,0.8999,16,1,4
2024-04-09 17:00:06,8,1.0,17,1,4
2024-04-09 18:00:06,8,0.9934,18,1,4
2024-04-09 19:00:06,8,1.0,19,1,4
2024-04-09 20:00:06,8,1.0,20,1,4
2024-04-09 21:00:06,8,1.0,21,1,4
2024-04-09 22:00:06,8,1.0,22,1,4
2024-04-09 23:00:06,8,1.0,23,1,4
2024-04-10 00:00:06,1,0.1764,0,2,4
2024-04-10 01:00:06,8,1.0,1,2,4
2024-04-10 02:00:06,8,1.0,2,2,4
2024-04-10 03:00:06,8,1.0,3,2,4
2024-04-10 04:00:06,8,0.9928,4,2,4
2024-04-10 05:00:06,8,1.0,5,2,4
2024-04-10 06:00:06,8,0.9459,6,2,4
2024-04-10 07:00:06,8,1.0,7,2,4
2024-04-10 08:00:06,8,0.9968,8,2,4
2024-04-10 09:00:06,7,0.8855,9,2,4
2024-04-10 10:00:06,8,1.0,10,2,4
2024-04-10 11:00:06,8,0.9455,11,2,4
2024-04-10 12:00:06,8,1.0,12,2,4
2024-04-10 13:00:06,8,0.9478,13,2,4
2024-04-10 14:00:06,8,0.9643,14,2,4
2024-04-10 15:00:06,7,0.8488,15,2,4
2024-04-10 16:00:06,8,0.9638,16,2,4
2024-04-10 17:00:06,6,0.8061,17,2,4
2024-04-10 18:00:06,7,0.8733,18,2,4
2024-04-10 19:00:06,8,1.0,19,2,4
2024-04-10 20:00:06,8,1.0,20,2,4
2024-04-10 21:00:06,8,1.0,21,2,4
2024-04-10 22:00:06,7,0.9226,22,2,4
2024-04-10 23:00:06,8,0.9962,23,2,4
2024-04-11 00:00:06,1,0.1247,0,3,4
2024-04-11 01:00:06,7,0.9073,1,3,4
2024-04-11 02:00:06,8,1.0,2,3,4
2024-04-11 03:00:06,8,1.0,3,3,4
2024-04-11 04:00:06,8,0.9823,4,3,4
2024-04-11 05:00:06,8,1.0,5,3,4
2024-04-11 06:00:06,8,1.0,6,3,4
2024-04-11 07:00:06,7,0.8367,7,3,4
2024-04-11 08:00:06,8,0.9802,8,3,4
2024-04-11 09:00:06,8,0.9454,9,3,4
2024-04-11 10:00:06,7,0.9199,10,3,4
2024-04-11 11:00:06,8,0.9775,11,3,4
2024-04-11 12:00:06,8,1.0,12,3,4
2024-04-11 13:00:06,8,1.0,13,3,4
2024-04-11 14:00:06,8,0.9543,14,3,4
2024-04-11 15:00:06,8,1.0,15,3,4
2024-04-11 16:00:06,8,1.0,16,3,4
2024-04-11 17:00:06,8,1.0,17,3,4
2024-04-11 18:00:06,8,1.0,18,3,4
2024-04-11 19:00:06,8,0.9482,19,3,4
2024-04-11 20:00:06,8,1.0,20,3,4
2024-04-11 21:00:06,8,1.0,21,3,4
2024-04-11 22:00:06,8,1.0,22,3,4
2024-04-11 23:00:06,8,1.0,23,3,4
2024-04-12 00:00:06,2,0.209,0,4,4
2024-04-12 01:00:06,8,0.9572,1,4,4
2024-04-12 02:00:06,8,1.0,2,4,4
2024-04-12 03:00:06,8,1.0,3,4,4
2024-04-12 04:00:06,8,1.0,4,4,4
2024-04-12 05:00:06,8,0.9449,5,4,4
2024-04-12 06:00:06,8,1.0,6,4,4
2024-04-12 07:00:06,8,1.0,7,4,4
2024-04-12 08:00:06,8,0.9479,8,4,4
2024-04-12 09:00:06,8,0.9613,9,4,4
2024-04-12 10:00:06,8,0.9744,10,4,4
2024-04-12 11:00:06,8,1.0,11,4,4
2024-04-12 12:00:06,8,1.0,12,4,4
2024-04-12 13:00:06,8,0.9541,13,4,4
2024-04-12 14:00:06,8,0.9981,14,4,4
2024-04-12 15:00:06,8,1.0,15,4,4
2024-04-12 16:00:06,8,1.0,16,4,4
2024-04-12 17:00:06,8,1.0,17,4,4
2024-04-12 18:00:06,8,1.0,18,4,4
2024-04-12 19:00:06,8,1.0,19,4,4
2024-04-12 20:00:06,8,1.0,20,4,4
2024-04-12 21:00:06,7,0.9182,21,4,4
2024-04-12 22:00:06,8,0.9794,22,4,4
2024-04-12 23:00:06,7,0.8665,23,4,4
2024-04-13 00:00:06,1,0.1569,0,5,4
2024-04-13 01:00:06,8,1.0,1,5,4
2024-04-13 02:00:06,8,0.9613,2,5,4
2024-04-13 03:00:06,8,1.0,3,5,4
2024-04-13 04:00:06,7,0.9019,4,5,4
2024-04-13 05:00:06,7,0.8829,5,5,4
2024-04-13 06:00:06,8,1.0,6,5,4
2024-04-13 07:00:06,8,1.0,7,5,4
2024-04-13 08:00:06,8,1.0,8,5,4
2024-04-13 09:00:06,8,0.9633,9,5,4
2024-04-13 10:00:06,8,1.0,10,5,4
2024-04-13 11:00:06,8,0.9969,11,5,4
2024-04-13 12:00:06,8,0.9862,12,5,4
2024-04-13 13:00:06,8,1.0,13,5,4
2024-04-13 14:00:06,8,1.0,14,5,4
2024-04-13 15:00:06,7,0.8739,15,5,4
2024-04-13 16:00:06,8,1.0,16,5,4
2024-04-13 17:00:06,8,1.0,17,5,4
2024-04-13 18:00:06,8,0.95,18,5,4
2024-04-13 19:00:06,8,1.0,19,5,4
2024-04-13 20:00:06,8,1.0,20,5,4
2024-04-13 21:00:06,8,1.0,21,5,4
2024-04-13 22:00:06,8,0.956,22,5,4
2024-04-13 23:00:06,8,0.9463,23,5,4
2024-04-14 00:00:06,1,0.123,0,6,4
2024-04-14 01:00:06,8,1.0,1,6,4
2024-04-14 02:00:06,8,1.0,2,6,4
2024-04-14 03:00:06,8,0.9704,3,6,4
2024-04-14 04:00:06,8,1.0,4,6,4
2024-04-14 05:00:06,6,0.7721,5,6,4
2024-04-14 06:00:06,8,1.0,6,6,4
2024-04-14 07:00:06,7,0.8608,7,6,4
2024-04-14 08:00:06,8,0.971,8,6,4
2024-04-14 09:00:06,7,0.9104,9,6,4
2024-04-14 10:00:06,7,0.8964,10,6,4
2024-04-14 11:00:06,8,1.0,11,6,4
2024-04-14 12:00:06,8,0.9626,12,6,4
2024-04-14 13:00:06,8,1.0,13,6,4
2024-04-14 14:00:06,8,0.9962,14,6,4
2024-04-14 15:00:06,8,1.0,15,6,4
2024-04-14 16:00:06,8,1.0,16,6,4
2024-04-14 17:00:06,7,0.8974,17,6,4
2024-04-14 18:00:06,8,1.0,18,6,4
2024-04-14 19:00:06,8,0.9605,19,6,4
2024-04-14 20:00:06,7,0.8755,20,6,4
2024-04-14 21:00:06,8,0.9658,21,6,4
2024-04-14 22:00:06,8,1.0,22,6,4
2024-04-14 23:00:06,8,1.0,23,6,4
2024-04-15 00:00:06,1,0.1,0,0,4
2024-04-15 01:00:06,8,0.9721,1,0,4
2024-04-15 02:00:06,8,0.9743,2,0,4
2024-04-15 03:00:06,8,1.0,3,0,4
2024-04-15 04:00:06,8,1.0,4,0,4
2024-04-15 05:00:06,8,1.0,5,0,4
2024-04-15 06:00:06,8,1.0,6,0,4
2024-04-15 07:00:06,8,1.0,7,0,4
2024-04-15 08:00:06,8,0.9793,8,0,4
2024-04-15 09:00:06,8,0.9843,9,0,4
2024-04-15 10:00:06,8,0.9943,10,0,4
2024-04-15 11:00:06,8,0.997,11,0,4
2024-04-15 12:00:06,8,1.0,12,0,4
2024-04-15 13:00:06,8,1.0,13,0,4
2024-04-15 14:00:06,8,1.0,14,0,4
2024-04-15 15:00:06,8,0.9935,15,0,4
2024-04-15 16:00:06,8,1.0,16,0,4
2024-04-15 17:00:06,7,0.8401,17,0,4
2024-04-15 18:00:06,8,1.0,18,0,4
2024-04-15 19:00:06,8,1.0,19,0,4
2024-04-15 20:00:06,8,1.0,20,0,4
2024-04-15 21:00:06,6,0.7683,21,0,4
2024-04-15 22:00:06,8,1.0,22,0,4
2024-04-15 23:00:06,8,0.9888,23,0,4
2024-04-16 00:00:06,2,0.2137,0,1,4
2024-04-16 01:00:06,7,0.9168,1,1,4
2024-04-16 02:00:06,8,1.0,2,1,4
2024-04-16 03:00:06,7,0.9157,3,1,4
2024-04-16 04:00:06,8,0.9501,4,1,4
2024-04-16 05:00:06,8,1.0,5,1,4
2024-04-16 06:00:06,8,0.9847,6,1,4
2024-04-16 07:00:06,8,1.0,7,1,4
2024-04-16 08:00:06,8,1.0,8,1,4
2024-04-16 09:00:06,8,1.0,9,1,4
2024-04-16 10:00:06,8,1.0,10,1,4
2024-04-16 11:00:06,8,1.0,11,1,4
2024-04-16 12:00:06,8,1.0,12,1,4
2024-04-16 13:00:06,8,0.9954,13,1,4
2024-04-16 14:00:06,8,1.0,14,1,4
2024-04-16 15:00:06,8,1.0,15,1,4
2024-04-16 16:00:06,8,1.0,16,1,4
2024-04-16 17:00:06,8,1.0,17,1,4
2024-04-16 18:00:06,8,1.0,18,1,4
2024-04-16 19:00:06,7,0.9086,19,1,4
2024-04-16 20:00:06,8,1.0,20,1,4
2024-04-16 21:00:06,7,0.9083,21,1,4
2024-04-16 22:00:06,8,1.0,22,1,4
2024-04-16 23:00:06,8,0.9397,23,1,4
2024-04-17 00:00:06,1,0.1199,0,2,4
2024-04-17 01:00:06,8,1.0,1,2,4
2024-04-17 02:00:06,8,1.0,2,2,4
2024-04-17 03:00:06,8,1.0,3,2,4
2024-04-17 04:00:06,8,1.0,4,2,4
2024-04-17 05:00:06,8,1.0,5,2,4
2024-04-17 06:00:06,8,0.9805,6,2,4
2024-04-17 07:00:06,8,1.0,7,2,4
2024-04-17 08:00:06,8,1.0,8,2,4
2024-04-17 09:00:06,7,0.9018,9,2,4
2024-04-17 10:00:06,8,1.0,10,2,4
2024-04-17 11:00:06,8,1.0,11,2,4
2024-04-17 12:00:06,8,0.9762,12,2,4
2024-04-17 13:00:06,8,1.0,13,2,4
2024-04-17 14:00:06,8,0.988,14,2,4
2024-04-17 15:00:06,8,1.0,15,2,4
2024-04-17 16:00:06,8,0.9862,16,2,4
2024-04-17 17:00:06,8,1.0,17,2,4
2024-04-17 18:00:06,7,0.9123,18,2,4
2024-04-17 19:00:06,7,0.8848,19,2,4
2024-04-17 20:00:06,8,1.0,20,2,4
2024-04-17 21:00:06,7,0.9322,21,2,4
2024-04-17 22:00:06,7,0.9207,22,2,4
2024-04-17 23:00:06,7,0.8277,23,2,4
2024-04-18 00:00:06,1,0.1,0,3,4
2024-04-18 01:00:06,7,0.8942,1,3,4
2024-04-18 02:00:06,8,1.0,2,3,4
2024-04-18 03:00:06,8,1.0,3,3,4
2024-04-18 04:00:06,8,0.9449,4,3,4
2024-04-18 05:00:06,8,1.0,5,3,4
2024-04-18 06:00:06,8,1.0,6,3,4
2024-04-18 07:00:06,8,0.974,7,3,4
2024-04-18 08:00:06,6,0.8,8,3,4
2024-04-18 09:00:06,8,1.0,9,3,4
2024-04-18 10:00:06,7,0.8888,10,3,4
2024-04-18 11:00:06,7,0.8684,11,3,4
2024-04-18 12:00:06,8,1.0,12,3,4
2024-04-18 13:00:06,8,1.0,13,3,4
2024-04-18 14:00:06,8,1.0,14,3,4
2024-04-18 15:00:06,8,1.0,15,3,4
2024-04-18 16:00:06,8,1.0,16,3,4
2024-04-18 17:00:06,8,1.0,17,3,4
2024-04-18 18:00:06,8,1.0,18,3,4
2024-04-18 19:00:06,8,1.0,19,3,4
2024-04-18 20:00:06,8,1.0,20,3,4
2024-04-18 21:00:06,8,0.995,21,3,4
2024-04-18 22:00:06,8,0.9397,22,3,4
2024-04-18 23:00:06,8,0.9775,23,3,4
2024-04-19 00:00:06,1,0.1,0,4,4
2024-04-19 01:00:06,8,0.9921,1,4,4
2024-04-19 02:00:06,7,0.9209,2,4,4
2024-04-19 03:00:06,7,0.9117,3,4,4
2024-04-19 04:00:06,8,1.0,4,4,4
2024-04-19 05:00:06,8,1.0,5,4,4
2024-04-19 06:00:06,8,1.0,6,4,4
2024-04-19 07:00:06,7,0.8744,7,4,4
2024-04-19 08:00:06,7,0.9208,8,4,4
2024-04-19 09:00:06,8,1.0,9,4,4
2024-04-19 10:00:06,7,0.9214,10,4,4
2024-04-19 11:00:06,8,0.982,11,4,4
2024-04-19 12:00:06,8,1.0,12,4,4
2024-04-19 13:00:06,7,0.9225,13,4,4
2024-04-19 14:00:06,8,1.0,14,4,4
2024-04-19 15:00:06,7,0.8933,15,4,4
2024-04-19 16:00:06,8,0.9519,16,4,4
2024-04-19 17:00:06,8,1.0,17,4,4
2024-04-19 18:00:06,7,0.8726,18,4,4
2024-04-19 19:00:06,8,1.0,19,4,4
2024-04-19 20:00:06,8,0.9984,20,4,4
2024-04-19 21:00:06,8,1.0,21,4,4
2024-04-19 22:00:06,8,1.0,22,4,4
2024-04-19 23:00:06,8,1.0,23,4,4
2024-04-20 00:00:06,1,0.135,0,5,4
2024-04-20 01:00:06,8,0.9656,1,5,4
2024-04-20 02:00:06,8,1.0,2,5,4
2024-04-20 03:00:06,8,1.0,3,5,4
2024-04-20 04:00:06,8,1.0,4,5,4
2024-04-20 05:00:06,8,1.0,5,5,4
2024-04-20 06:00:06,8,0.9438,6,5,4
2024-04-20 07:00:06,8,0.947,7,5,4
2024-04-20 08:00:06,7,0.8878,8,5,4
2024-04-20 09:00:06,8,1.0,9,5,4
2024-04-20 10:00:06,7,0.9005,10,5,4
2024-04-20 11:00:06,8,0.9446,11,5,4
2024-04-20 12:00:06,8,0.9425,12,5,4
2024-04-20 13:00:06,8,1.0,13,5,4
2024-04-20 14:00:06,8,0.9764,14,5,4
2024-04-20 15:00:06,8,1.0,15,5,4
2024-04-20 16:00:06,8,0.9461,16,5,4
2024-04-20 17:00:06,8,1.0,17,5,4
2024-04-20 18:00:06,7,0.9332,18,5,4
2024-04-20 19:00:06,8,1.0,19,5,4
2024-04-20 20:00:06,7,0.905,20,5,4
2024-04-20 21:00:06,8,1.0,21,5,4
2024-04-20 22:00:06,8,1.0,22,5,4
2024-04-20 23:00:06,8,1.0,23,5,4
2024-04-21 00:00:06,1,0.1102,0,6,4
2024-04-21 01:00:06,8,0.9896,1,6,4
2024-04-21 02:00:06,8,1.0,2,6,4
2024-04-21 03:00:06,8,0.9882,3,6,4
2024-04-21 04:00:06,8,1.0,4,6,4
2024-04-21 05:00:06,8,1.0,5,6,4
2024-04-21 06:00:06,8,0.9554,6,6,4
2024-04-21 07:00:06,7,0.8904,7,6,4
2024-04-21 08:00:06,8,0.9929,8,6,4
2024-04-21 09:00:06,8,1.0,9,6,4
2024-04-21 10:00:06,7,0.9357,10,6,4
2024-04-21 11:00:06,8,1.0,11,6,4
2024-04-21 12:00:06,8,1.0,12,6,4
2024-04-21 13:00:06,8,0.9557,13,6,4
2024-04-21 14:00:06,8,1.0,14,6,4
2024-04-21 15:00:06,8,1.0,15,6,4
2024-04-21 16:00:06,8,0.9697,16,6,4
2024-04-21 17:00:06,8,0.9837,17,6,4
2024-04-21 18:00:06,8,0.9535,18,6,4
2024-04-21 19:00:06,7,0.9188,19,6,4
2024-04-21 20:00:06,8,0.9481,20,6,4
2024-04-21 21:00:06,7,0.9021,21,6,4
2024-04-21 22:00:06,8,1.0,22,6,4
2024-04-21 23:00:06,8,0.9384,23,6,4
2024-04-22 00:00:06,1,0.1437,0,0,4
2024-04-22 01:00:06,7,0.8755,1,0,4
2024-04-22 02:00:06,8,1.0,2,0,4
2024-04-22 03:00:06,8,1.0,3,0,4
2024-04-22 04:00:06,7,0.8405,4,0,4
2024-04-22 05:00:06,8,1.0,5,0,4
2024-04-22 06:00:06,8,1.0,6,0,4
2024-04-22 07:00:06,7,0.9032,7,0,4
2024-04-22 08:00:06,8,1.0,8,0,4
2024-04-22 09:00:06,8,1.0,9,0,4
2024-04-22 10:00:06,8,0.9436,10,0,4
2024-04-22 11:00:06,8,0.9955,11,0,4
2024-04-22 12:00:06,8,1.0,12,0,4
2024-04-22 13:00:06,8,1.0,13,0,4
2024-04-22 14:00:06,8,1.0,14,0,4
2024-04-22 15:00:06,7,0.9263,15,0,4
2024-04-22 16:00:06,8,1.0,16,0,4
2024-04-22 17:00:06,7,0.8869,17,0,4
2024-04-22 18:00:06,8,0.9911,18,0,4
2024-04-22 19:00:06,7,0.9277,19,0,4
2024-04-22 20:00:06,8,0.9412,20,0,4
2024-04-22 21:00:06,8,1.0,21,0,4
2024-04-22 22:00:06,8,1.0,22,0,4
2024-04-22 23:00:06,8,1.0,23,0,4
2024-04-23 00:00:06,1,0.1,0,1,4
2024-04-23 01:00:06,8,0.9747,1,1,4
2024-04-23 02:00:06,8,1.0,2,1,4
2024-04-23 03:00:06,8,1.0,3,1,4
2024-04-23 04:00:06,8,1.0,4,1,4
2024-04-23 05:00:06,8,1.0,5,1,4
2024-04-23 06:00:06,8,1.0,6,1,4
2024-04-23 07:00:06,8,0.9753,7,1,4
2024-04-23 08:00:06,8,1.0,8,1,4
2024-04-23 09:00:06,8,0.9878,9,1,4
2024-04-23 10:00:06,8,1.0,10,1,4
2024-04-23 11:00:06,8,1.0,11,1,4
2024-04-23 12:00:06,7,0.9371,12,1,4
2024-04-23 13:00:06,7,0.8935,13,1,4
2024-04-23 14:00:06,7,0.8531,14,1,4
2024-04-23 15:00:06,8,1.0,15,1,4
2024-04-23 16:00:06,7,0.9117,16,1,4
2024-04-23 17:00:06,7,0.8278,17,1,4
2024-04-23 18:00:06,8,1.0,18,1,4
2024-04-23 19:00:06,8,1.0,19,1,4
2024-04-23 20:00:06,8,0.9995,20,1,4
2024-04-23 21:00:06,8,1.0,21,1,4
2024-04-23 22:00:06,8,1.0,22,1,4
2024-04-23 23:00:06,8,0.9921,23,1,4
2024-04-24 00:00:06,2,0.1985,0,2,4
2024-04-24 01:00:06,8,0.9768,1,2,4
2024-04-24 02:00:06,8,1.0,2,2,4
2024-04-24 03:00:06,8,1.0,3,2,4
2024-04-24 04:00:06,8,0.9466,4,2,4
2024-04-24 05:00:06,8,1.0,5,2,4
2024-04-24 06:00:06,8,0.986,6,2,4
2024-04-24 07:00:06,8,0.9395,7,2,4
2024-04-24 08:00:06,8,1.0,8,2,4
2024-04-24 09:00:06,7,0.9281,9,2,4
2024-04-24 10:00:06,8,1.0,10,2,4
2024-04-24 11:00:06,8,0.9993,11,2,4
2024-04-24 12:00:06,8,1.0,12,2,4
2024-04-24 13:00:06,8,1.0,13,2,4
2024-04-24 14:00:06,8,0.998,14,2,4
2024-04-24 15:00:06,8,1.0,15,2,4
2024-04-24 16:00:06,8,1.0,16,2,4
2024-04-24 17:00:06,8,1.0,17,2,4
2024-04-24 18:00:06,8,1.0,18,2,4
2024-04-24 19:00:06,7,0.8951,19,2,4
2024-04-24 20:00:06,7,0.9148,20,2,4
2024-04-24 21:00:06,8,0.9756,21,2,4
2024-04-24 22:00:06,8,0.9512,22,2,4
2024-04-24 23:00:06,8,0.985,23,2,4
2024-04-25 00:00:06,1,0.1295,0,3,4
2024-04-25 01:00:06,8,1.0,1,3,4
2024-04-25 02:00:06,8,0.9944,2,3,4
2024-04-25 03:00:06,8,1.0,3,3,4
2024-04-25 04:00:06,8,1.0,4,3,4
2024-04-25 05:00:06,7,0.842,5,3,4
2024-04-25 06:00:06,7,0.9249,6,3,4
2024-04-25 07:00:06,8,0.9885,7,3,4
2024-04-25 08:00:06,7,0.9032,8,3,4
2024-04-25 09:00:06,8,1.0,9,3,4
2024-04-25 10:00:06,8,1.0,10,3,4
2024-04-25 11:00:06,8,1.0,11,3,4
2024-04-25 12:00:06,8,0.9829,12,3,4
2024-04-25 13:00:06,8,1.0,13,3,4
2024-04-25 14:00:06,8,1.0,14,3,4
2024-04-25 15:00:06,8,0.973,15,3,4
2024-04-25 16:00:06,8,0.9509,16,3,4
2024-04-25 17:00:06,8,0.9758,17,3,4
2024-04-25 18:00:06,8,0.9689,18,3,4
2024-04-25 19:00:06,8,1.0,19,3,4
2024-04-25 20:00:06,8,1.0,20,3,4
2024-04-25 21:00:06,8,1.0,21,3,4
2024-04-25 22:00:06,8,1.0,22,3,4
2024-04-25 23:00:06,8,1.0,23,3,4
2024-04-26 00:00:06,2,0.201,0,4,4
2024-04-26 01:00:06,7,0.8812,1,4,4
2024-04-26 02:00:06,6,0.7957,2,4,4
2024-04-26 03:00:06,8,1.0,3,4,4
2024-04-26 04:00:06,7,0.8906,4,4,4
2024-04-26 05:00:06,8,0.982,5,4,4
2024-04-26 06:00:06,7,0.9064,6,4,4
2024-04-26 07:00:06,7,0.8558,7,4,4
2024-04-26 08:00:06,8,1.0,8,4,4
2024-04-26 09:00:06,8,1.0,9,4,4
2024-04-26 10:00:06,8,0.9539,10,4,4
2024-04-26 11:00:06,6,0.7927,11,4,4
2024-04-26 12:00:06,8,0.9563,12,4,4
2024-04-26 13:00:06,8,1.0,13,4,4
2024-04-26 14:00:06,7,0.8817,14,4,4
2024-04-26 15:00:06,8,1.0,15,4,4
2024-04-26 16:00:06,8,0.9988,16,4,4
2024-04-26 17:00:06,8,1.0,17,4,4
2024-04-26 18:00:06,8,1.0,18,4,4
2024-04-26 19:00:06,7,0.9222,19,4,4
2024-04-26 20:00:06,8,1.0,20,4,4
2024-04-26 21:00:06,8,0.9873,21,4,4
2024-04-26 22:00:06,8,0.9978,22,4,4
2024-04-26 23:00:06,7,0.9253,23,4,4
2024-04-27 00:00:06,1,0.1,0,5,4
2024-04-27 01:00:06,7,0.9292,1,5,4
2024-04-27 02:00:06,8,0.9862,2,5,4
2024-04-27 03:00:06,8,1.0,3,5,4
2024-04-27 04:00:06,7,0.8902,4,5,4
2024-04-27 05:00:06,7,0.8709,5,5,4
2024-04-27 06:00:06,8,1.0,6,5,4
2024-04-27 07:00:06,8,0.9833,7,5,4
2024-04-27 08:00:06,8,0.9465,8,5,4
2024-04-27 09:00:06,8,1.0,9,5,4
2024-04-27 10:00:06,8,0.9516,10,5,4
2024-04-27 11:00:06,8,1.0,11,5,4
2024-04-27 12:00:06,8,1.0,12,5,4
2024-04-27 13:00:06,8,0.961,13,5,4
2024-04-27 14:00:06,8,1.0,14,5,4
2024-04-27 15:00:06,8,0.9515,15,5,4
2024-04-27 16:00:06,8,1.0,16,5,4
2024-04-27 17:00:06,8,1.0,17,5,4
2024-04-27 18:00:06,8,1.0,18,5,4
2024-04-27 19:00:06,8,1.0,19,5,4
2024-04-27 20:00:06,8,1.0,20,5,4
2024-04-27 21:00:06,8,0.9397,21,5,4
2024-04-27 22:00:06,8,1.0,22,5,4
2024-04-27 23:00:06,8,0.9458,23,5,4
2024-04-28 00:00:06,2,0.2861,0,6,4
2024-04-28 01:00:06,8,1.0,1,6,4
2024-04-28 02:00:06,8,0.9708,2,6,4
2024-04-28 03:00:06,8,1.0,3,6,4
2024-04-28 04:00:06,7,0.8922,4,6,4
2024-04-28 05:00:06,7,0.9223,5,6,4
2024-04-28 06:00:06,8,1.0,6,6,4
2024-04-28 07:00:06,8,0.9474,7,6,4
2024-04-28 08:00:06,7,0.9162,8,6,4
2024-04-28 09:00:06,8,1.0,9,6,4
2024-04-28 10:00:06,8,1.0,10,6,4
2024-04-28 11:00:06,8,1.0,11,6,4
2024-04-28 12:00:06,8,1.0,12,6,4
2024-04-28 13:00:06,8,0.9395,13,6,4
2024-04-28 14:00:06,7,0.8863,14,6,4
2024-04-28 15:00:06,8,1.0,15,6,4
2024-04-28 16:00:06,8,0.9742,16,6,4
2024-04-28 17:00:06,8,0.9799,17,6,4
2024-04-28 18:00:06,8,1.0,18,6,4
2024-04-28 19:00:06,8,1.0,19,6,4
2024-04-28 20:00:06,8,1.0,20,6,4
2024-04-28 21:00:06,8,1.0,21,6,4
2024-04-28 22:00:06,8,0.9485,22,6,4
2024-04-28 23:00:06,8,1.0,23,6,4
2024-04-29 00:00:06,1,0.1296,0,0,4
2024-04-29 01:00:06,8,1.0,1,0,4
2024-04-29 02:00:06,8,1.0,2,0,4
2024-04-29 03:00:06,8,1.0,3,0,4
2024-04-29 04:00:06,8,1.0,4,0,4
2024-04-29 05:00:06,8,1.0,5,0,4
2024-04-29 06:00:06,8,0.9708,6,0,4
2024-04-29 07:00:06,7,0.9329,7,0,4
2024-04-29 08:00:06,7,0.9164,8,0,4
2024-04-29 09:00:06,7,0.8427,9,0,4
2024-04-29 10:00:06,8,1.0,10,0,4
2024-04-29 11:00:06,7,0.9117,11,0,4
2024-04-29 12:00:06,8,0.9823,12,0,4
2024-04-29 13:00:06,8,0.9779,13,0,4
2024-04-29 14:00:06,8,1.0,14,0,4
2024-04-29 15:00:06,8,1.0,15,0,4
2024-04-29 16:00:06,8,1.0,16,0,4
2024-04-29 17:00:06,8,0.9534,17,0,4
2024-04-29 18:00:06,8,0.9866,18,0,4
2024-04-29 19:00:06,8,1.0,19,0,4
2024-04-29 20:00:06,8,0.9801,20,0,4
2024-04-29 21:00:06,8,1.0,21,0,4
2024-04-29 22:00:06,8,1.0,22,0,4
2024-04-29 23:00:06,8,1.0,23,0,4
2024-04-30 00:00:06,1,0.178,0,1,4
2024-04-30 01:00:06,8,1.0,1,1,4
2024-04-30 02:00:06,8,1.0,2,1,4
2024-04-30 03:00:06,7,0.8963,3,1,4
2024-04-30 04:00:06,8,1.0,4,1,4
2024-04-30 05:00:06,8,0.9479,5,1,4
2024-04-30 06:00:06,8,0.9577,6,1,4
2024-04-30 07:00:06,8,1.0,7,1,4
2024-04-30 08:00:06,8,1.0,8,1,4
2024-04-30 09:00:06,8,1.0,9,1,4
2024-04-30 10:00:06,8,1.0,10,1,4
2024-04-30 11:00:06,8,1.0,11,1,4
2024-04-30 12:00:06,8,1.0,12,1,4
2024-04-30 13:00:06,8,1.0,13,1,4
2024-04-30 14:00:06,8,1.0,14,1,4
2024-04-30 15:00:06,7,0.8591,15,1,4
2024-04-30 16:00:06,8,1.0,16,1,4
2024-04-30 17:00:06,8,1.0,17,1,4
2024-04-30 18:00:06,8,1.0,18,1,4
2024-04-30 19:00:06,8,1.0,19,1,4
2024-04-30 20:00:06,8,0.9889,20,1,4
2024-04-30 21:00:06,7,0.9021,21,1,4
2024-04-30 22:00:06,8,0.9833,22,1,4
2024-04-30 23:00:06,7,0.932,23,1,4
2024-05-01 00:00:06,1,0.1,0,2,5
2024-05-01 01:00:06,8,1.0,1,2,5
2024-05-01 02:00:06,8,1.0,2,2,5
2024-05-01 03:00:06,8,1.0,3,2,5
2024-05-01 04:00:06,7,0.9043,4,2,5
2024-05-01 05:00:06,8,1.0,5,2,5
2024-05-01 06:00:06,8,1.0,6,2,5
2024-05-01 07:00:06,8,0.9512,7,2,5
2024-05-01 08:00:06,8,0.9893,8,2,5
2024-05-01 09:00:06,8,1.0,9,2,5
2024-05-01 10:00:06,7,0.9372,10,2,5
2024-05-01 11:00:06,8,1.0,11,2,5
2024-05-01 12:00:06,8,0.9903,12,2,5
2024-05-01 13:00:06,8,1.0,13,2,5
2024-05-01 14:00:06,7,0.929,14,2,5
2024-05-01 15:00:06,8,0.965,15,2,5
2024-05-01 16:00:06,8,1.0,16,2,5
2024-05-01 17:00:06,8,0.9702,17,2,5
2024-05-01 18:00:06,8,1.0,18,2,5
2024-05-01 19:00:06,8,0.968,19,2,5
2024-05-01 20:00:06,8,1.0,20,2,5
2024-05-01 21:00:06,8,1.0,21,2,5
2024-05-01 22:00:06,7,0.8865,22,2,5
2024-05-01 23:00:06,7,0.8591,23,2,5
2024-05-02 00:00:06,1,0.1,0,3,5
2024-05-02 01:00:06,8,1.0,1,3,5
2024-05-02 02:00:06,8,0.9559,2,3,5
2024-05-02 03:00:06,8,1.0,3,3,5
2024-05-02 04:00:06,8,0.9549,4,3,5
2024-05-02 05:00:06,8,1.0,5,3,5
2024-05-02 06:00:06,8,1.0,6,3,5
2024-05-02 07:00:06,8,1.0,7,3,5
2024-05-02 08:00:06,8,1.0,8,3,5
2024-05-02 09:00:06,8,1.0,9,3,5
2024-05-02 10:00:06,8,1.0,10,3,5
2024-05-02 11:00:06,8,1.0,11,3,5
2024-05-02 12:00:06,8,1.0,12,3,5
2024-05-02 13:00:06,8,0.9559,13,3,5
2024-05-02 14:00:06,7,0.9345,14,3,5
2024-05-02 15:00:06,8,0.9997,15,3,5
2024-05-02 16:00:06,8,0.9864,16,3,5
2024-05-02 17:00:06,8,0.9637,17,3,5
2024-05-02 18:00:06,8,1.0,18,3,5
2024-05-02 19:00:06,8,1.0,19,3,5
2024-05-02 20:00:06,8,1.0,20,3,5
2024-05-02 21:00:06,8,1.0,21,3,5
2024-05-02 22:00:06,7,0.9087,22,3,5
2024-05-02 23:00:06,8,0.9845,23,3,5
2024-05-03 00:00:06,1,0.1,0,4,5
2024-05-03 01:00:06,7,0.8507,1,4,5
2024-05-03 02:00:06,8,0.9934,2,4,5
2024-05-03 03:00:06,8,0.9903,3,4,5
2024-05-03 04:00:06,8,1.0,4,4,5
2024-05-03 05:00:06,8,1.0,5,4,5
2024-05-03 06:00:06,7,0.9181,6,4,5
2024-05-03 07:00:06,8,1.0,7,4,5
2024-05-03 08:00:06,8,1.0,8,4,5
2024-05-03 09:00:06,8,1.0,9,4,5
2024-05-03 10:00:06,8,0.9819,10,4,5
2024-05-03 11:00:06,7,0.9232,11,4,5
2024-05-03 12:00:06,8,0.9702,12,4,5
2024-05-03 13:00:06,8,1.0,13,4,5
2024-05-03 14:00:06,8,1.0,14,4,5
2024-05-03 15:00:06,8,1.0,15,4,5
2024-05-03 16:00:06,8,0.9609,16,4,5
2024-05-03 17:00:06,7,0.9104,17,4,5
2024-05-03 18:00:06,8,1.0,18,4,5
2024-05-03 19:00:06,7,0.8585,19,4,5
2024-05-03 20:00:06,8,1.0,20,4,5
2024-05-03 21:00:06,8,0.9882,21,4,5
2024-05-03 22:00:06,8,0.9627,22,4,5
2024-05-03 23:00:06,7,0.8724,23,4,5
2024-05-04 00:00:06,1,0.1661,0,5,5
2024-05-04 01:00:06,8,0.9574,1,5,5
2024-05-04 02:00:06,7,0.9064,2,5,5
2024-05-04 03:00:06,6,0.7702,3,5,5
2024-05-04 04:00:06,8,0.9978,4,5,5
2024-05-04 05:00:06,8,1.0,5,5,5
2024-05-04 06:00:06,8,1.0,6,5,5
2024-05-04 07:00:06,8,0.9634,7,5,5
2024-05-04 08:00:06,8,0.9518,8,5,5
2024-05-04 09:00:06,8,1.0,9,5,5
2024-05-04 10:00:06,7,0.9201,10,5,5
2024-05-04 11:00:06,8,1.0,11,5,5
2024-05-04 12:00:06,8,1.0,12,5,5
2024-05-04 13:00:06,8,1.0,13,5,5
2024-05-04 14:00:06,8,0.992,14,5,5
2024-05-04 15:00:06,8,0.9837,15,5,5
2024-05-04 16:00:06,7,0.9298,16,5,5
2024-05-04 17:00:06,7,0.9338,17,5,5
2024-05-04 18:00:06,8,0.9819,18,5,5
2024-05-04 19:00:06,8,1.0,19,5,5
2024-05-04 20:00:06,8,1.0,20,5,5
2024-05-04 21:00:06,7,0.9357,21,5,5
2024-05-04 22:00:06,8,1.0,22,5,5
2024-05-04 23:00:06,8,0.9783,23,5,5
2024-05-05 00:00:06,1,0.1233,0,6,5
2024-05-05 01:00:06,8,0.9402,1,6,5
2024-05-05 02:00:06,6,0.8061,2,6,5
2024-05-05 03:00:06,8,1.0,3,6,5
2024-05-05 04:00:06,8,1.0,4,6,5
2024-05-05 05:00:06,8,0.9775,5,6,5
2024-05-05 06:00:06,8,1.0,6,6,5
2024-05-05 07:00:06,8,1.0,7,6,5
2024-05-05 08:00:06,7,0.875,8,6,5
2024-05-05 09:00:06,8,0.9577,9,6,5
2024-05-05 10:00:06,8,1.0,10,6,5
2024-05-05 11:00:06,7,0.8997,11,6,5
2024-05-05 12:00:06,8,1.0,12,6,5
2024-05-05 13:00:06,7,0.8915,13,6,5
2024-05-05 14:00:06,8,1.0,14,6,5
2024-05-05 15:00:06,8,0.9971,15,6,5
2024-05-05 16:00:06,7,0.8708,16,6,5
2024-05-05 17:00:06,8,1.0,17,6,5
2024-05-05 18:00:06,8,0.9412,18,6,5
2024-05-05 19:00:06,7,0.9352,19,6,5
2024-05-05 20:00:06,8,1.0,20,6,5
2024-05-05 21:00:06,8,1.0,21,6,5
2024-05-05 22:00:06,7,0.9187,22,6,5
2024-05-05 23:00:06,8,1.0,23,6,5
2024-05-06 00:00:06,1,0.1593,0,0,5
2024-05-06 01:00:06,8,1.0,1,0,5
2024-05-06 02:00:06,8,1.0,2,0,5
2024-05-06 03:00:06,8,0.9706,3,0,5
2024-05-06 04:00:06,7,0.9338,4,0,5
2024-05-06 05:00:06,8,1.0,5,0,5
2024-05-06 06:00:06,7,0.9142,6,0,5
2024-05-06 07:00:06,6,0.7663,7,0,5
2024-05-06 08:00:06,8,1.0,8,0,5
2024-05-06 09:00:06,8,1.0,9,0,5
2024-05-06 10:00:06,6,0.811,10,0,5
2024-05-06 11:00:06,7,0.9192,11,0,5
2024-05-06 12:00:06,8,1.0,12,0,5
2024-05-06 13:00:06,8,1.0,13,0,5
2024-05-06 14:00:06,8,1.0,14,0,5
2024-05-06 15:00:06,8,0.9418,15,0,5
2024-05-06 16:00:06,8,0.9854,16,0,5
2024-05-06 17:00:06,8,1.0,17,0,5
2024-05-06 18:00:06,8,0.9483,18,0,5
2024-05-06 19:00:06,7,0.9361,19,0,5
2024-05-06 20:00:06,8,0.9614,20,0,5
2024-05-06 21:00:06,7,0.9237,21,0,5
2024-05-06 22:00:06,8,1.0,22,0,5
2024-05-06 23:00:06,8,1.0,23,0,5
2024-05-07 00:00:06,1,0.1508,0,1,5
2024-05-07 01:00:06,8,0.9798,1,1,5
2024-05-07 02:00:06,8,0.9767,2,1,5
2024-05-07 03:00:06,7,0.8749,3,1,5
2024-05-07 04:00:06,8,1.0,4,1,5
2024-05-07 05:00:06,8,0.9938,5,1,5
2024-05-07 06:00:06,8,0.9856,6,1,5
2024-05-07 07:00:06,8,1.0,7,1,5
2024-05-07 08:00:06,8,1.0,8,1,5
2024-05-07 09:00:06,8,0.9399,9,1,5
2024-05-07 10:00:06,8,0.9659,10,1,5
2024-05-07 11:00:06,8,1.0,11,1,5
2024-05-07 12:00:06,8,1.0,12,1,5
2024-05-07 13:00:06,7,0.8849,13,1,5
2024-05-07 14:00:06,8,1.0,14,1,5
2024-05-07 15:00:06,8,0.9465,15,1,5
2024-05-07 16:00:06,8,1.0,16,1,5
2024-05-07 17:00:06,8,1.0,17,1,5
2024-05-07 18:00:06,8,0.9642,18,1,5
2024-05-07 19:00:06,8,1.0,19,1,5
2024-05-07 20:00:06,8,1.0,20,1,5
2024-05-07 21:00:06,8,1.0,21,1,5
2024-05-07 22:00:06,8,1.0,22,1,5
2024-05-07 23:00:06,7,0.9323,23,1,5
2024-05-08 00:00:06,1,0.1,0,2,5
2024-05-08 01:00:06,8,1.0,1,2,5
2024-05-08 02:00:06,8,0.9732,2,2,5
2024-05-08 03:00:06,8,0.9677,3,2,5
2024-05-08 04:00:06,7,0.9236,4,2,5
2024-05-08 05:00:06,8,1.0,5,2,5
2024-05-08 06:00:06,8,1.0,6,2,5
2024-05-08 07:00:06,7,0.9146,7,2,5
2024-05-08 08:00:06,8,1.0,8,2,5
2024-05-08 09:00:06,8,1.0,9,2,5
2024-05-08 10:00:06,8,0.9936,10,2,5
2024-05-08 11:00:06,8,1.0,11,2,5
2024-05-08 12:00:06,7,0.915,12,2,5
2024-05-08 13:00:06,8,1.0,13,2,5
2024-05-08 14:00:06,8,0.985,14,2,5
2024-05-08 15:00:06,8,1.0,15,2,5
2024-05-08 16:00:06,8,1.0,16,2,5
2024-05-08 17:00:06,8,1.0,17,2,5
2024-05-08 18:00:06,8,1.0,18,2,5
2024-05-08 19:00:06,8,1.0,19,2,5
2024-05-08 20:00:06,8,1.0,20,2,5
2024-05-08 21:00:06,8,0.9717,21,2,5
2024-05-08 22:00:06,8,1.0,22,2,5
2024-05-08 23:00:06,8,0.9764,23,2,5
2024-05-09 00:00:06,1,0.1385,0,3,5
2024-05-09 01:00:06,8,1.0,1,3,5
2024-05-09 02:00:06,7,0.9195,2,3,5
2024-05-09 03:00:06,8,1.0,3,3,5
2024-05-09 04:00:06,8,1.0,4,3,5
2024-05-09 05:00:06,8,0.9906,5,3,5
2024-05-09 06:00:06,7,0.8303,6,3,5
2024-05-09 07:00:06,8,0.9514,7,3,5
2024-05-09 08:00:06,8,1.0,8,3,5
2024-05-09 09:00:06,8,0.9982,9,3,5
2024-05-09 10:00:06,7,0.9201,10,3,5
2024-05-09 11:00:06,8,0.9596,11,3,5
2024-05-09 12:00:06,8,1.0,12,3,5
2024-05-09 13:00:06,8,1.0,13,3,5
2024-05-09 14:00:06,8,0.9809,14,3,5
2024-05-09 15:00:06,8,0.9707,15,3,5
2024-05-09 16:00:06,8,0.9687,16,3,5
2024-05-09 17:00:06,7,0.9262,17,3,5
2024-05-09 18:00:06,8,1.0,18,3,5
2024-05-09 19:00:06,8,0.9742,19,3,5
2024-05-09 20:00:06,8,1.0,20,3,5
2024-05-09 21:00:06,8,1.0,21,3,5
2024-05-09 22:00:06,8,1.0,22,3,5
2024-05-09 23:00:06,8,0.9655,23,3,5
2024-05-10 00:00:06,1,0.1573,0,4,5
2024-05-10 01:00:06,8,0.9981,1,4,5
2024-05-10 02:00:06,7,0.9277,2,4,5
2024-05-10 03:00:06,8,1.0,3,4,5
2024-05-10 04:00:06,7,0.9057,4,4,5
2024-05-10 05:00:06,8,1.0,5,4,5
2024-05-10 06:00:06,8,0.9628,6,4,5
2024-05-10 07:00:06,8,1.0,7,4,5
2024-05-10 08:00:06,8,1.0,8,4,5
2024-05-10 09:00:06,8,0.9793,9,4,5
2024-05-10 10:00:06,8,1.0,10,4,5
2024-05-10 11:00:06,8,0.962,11,4,5
2024-05-10 12:00:06,8,1.0,12,4,5
2024-05-10 13:00:06,7,0.8923,13,4,5
2024-05-10 14:00:06,8,1.0,14,4,5
2024-05-10 15:00:06,8,1.0,15,4,5
2024-05-10 16:00:06,7,0.92,16,4,5
2024-05-10 17:00:06,8,0.9458,17,4,5
2024-05-10 18:00:06,8,1.0,18,4,5
2024-05-10 19:00:06,8,1.0,19,4,5
2024-05-10 20:00:06,8,1.0,20,4,5
2024-05-10 21:00:06,8,1.0,21,4,5
2024-05-10 22:00:06,8,1.0,22,4,5
2024-05-10 23:00:06,8,1.0,23,4,5
2024-05-11 00:00:06,1,0.1578,0,5,5
2024-05-11 01:00:06,8,0.9807,1,5,5
2024-05-11 02:00:06,8,1.0,2,5,5
2024-05-11 03:00:06,8,1.0,3,5,5
2024-05-11 04:00:06,8,0.9894,4,5,5
2024-05-11 05:00:06,7,0.922,5,5,5
2024-05-11 06:00:06,8,1.0,6,5,5
2024-05-11 07:00:06,8,0.9904,7,5,5
2024-05-11 08:00:06,7,0.8262,8,5,5
2024-05-11 09:00:06,8,1.0,9,5,5
2024-05-11 10:00:06,8,0.9572,10,5,5
2024-05-11 11:00:06,8,0.9928,11,5,5
2024-05-11 12:00:06,8,1.0,12,5,5
2024-05-11 13:00:06,8,1.0,13,5,5
2024-05-11 14:00:06,8,1.0,14,5,5
2024-05-11 15:00:06,8,0.9652,15,5,5
2024-05-11 16:00:06,8,1.0,16,5,5
2024-05-11 17:00:06,8,0.9792,17,5,5
2024-05-11 18:00:06,8,1.0,18,5,5
2024-05-11 19:00:06,8,1.0,19,5,5
2024-05-11 20:00:06,7,0.9252,20,5,5
2024-05-11 21:00:06,8,1.0,21,5,5
2024-05-11 22:00:06,8,0.9571,22,5,5
2024-05-11 23:00:06,8,1.0,23,5,5
2024-05-12 00:00:06,1,0.1544,0,6,5
2024-05-12 01:00:06,8,1.0,1,6,5
2024-05-12 02:00:06,8,0.9821,2,6,5
2024-05-12 03:00:06,8,0.9721,3,6,5
2024-05-12 04:00:06,8,0.9984,4,6,5
2024-05-12 05:00:06,8,0.9757,5,6,5
2024-05-12 06:00:06,8,1.0,6,6,5
2024-05-12 07:00:06,7,0.8707,7,6,5
2024-05-12 08:00:06,7,0.9157,8,6,5
2024-05-12 09:00:06,7,0.9146,9,6,5
2024-05-12 10:00:06,8,1.0,10,6,5
2024-05-12 11:00:06,8,1.0,11,6,5
2024-05-12 12:00:06,8,0.9916,12,6,5
2024-05-12 13:00:06,8,0.9865,13,6,5
2024-05-12 14:00:06,8,1.0,14,6,5
2024-05-12 15:00:06,8,1.0,15,6,5
2024-05-12 16:00:06,7,0.9258,16,6,5
2024-05-12 17:00:06,8,1.0,17,6,5
2024-05-12 18:00:06,8,1.0,18,6,5
2024-05-12 19:00:06,8,1.0,19,6,5
2024-05-12 20:00:06,8,1.0,20,6,5
2024-05-12 21:00:06,8,1.0,21,6,5
2024-05-12 22:00:06,6,0.7837,22,6,5
2024-05-12 23:00:06,8,1.0,23,6,5
2024-05-13 00:00:06,1,0.1,0,0,5
2024-05-13 01:00:06,7,0.8535,1,0,5
2024-05-13 02:00:06,8,1.0,2,0,5
2024-05-13 03:00:06,8,1.0,3,0,5
2024-05-13 04:00:06,8,0.989,4,0,5
2024-05-13 05:00:06,8,1.0,5,0,5
2024-05-13 06:00:06,8,1.0,6,0,5
2024-05-13 07:00:06,8,1.0,7,0,5
2024-05-13 08:00:06,8,1.0,8,0,5
2024-05-13 09:00:06,8,1.0,9,0,5
2024-05-13 10:00:06,8,1.0,10,0,5
2024-05-13 11:00:06,7,0.8718,11,0,5
2024-05-13 12:00:06,8,0.9803,12,0,5
2024-05-13 13:00:06,7,0.9325,13,0,5
2024-05-13 14:00:06,8,1.0,14,0,5
2024-05-13 15:00:06,8,0.9859,15,0,5
2024-05-13 16:00:06,8,1.0,16,0,5
2024-05-13 17:00:06,8,1.0,17,0,5
2024-05-13 18:00:06,8,1.0,18,0,5
2024-05-13 19:00:06,8,1.0,19,0,5
2024-05-13 20:00:06,8,0.9502,20,0,5
2024-05-13 21:00:06,8,1.0,21,0,5
2024-05-13 22:00:06,8,0.9406,22,0,5
2024-05-13 23:00:06,7,0.8944,23,0,5
2024-05-14 00:00:06,1,0.1,0,1,5
2024-05-14 01:00:06,8,0.997,1,1,5
2024-05-14 02:00:06,8,0.9657,2,1,5
2024-05-14 03:00:06,8,0.9446,3,1,5
2024-05-14 04:00:06,7,0.8875,4,1,5
2024-05-14 05:00:06,8,0.9934,5,1,5
2024-05-14 06:00:06,7,0.8796,6,1,5
2024-05-14 07:00:06,8,1.0,7,1,5
2024-05-14 08:00:06,8,1.0,8,1,5
2024-05-14 09:00:06,7,0.8834,9,1,5
2024-05-14 10:00:06,8,0.9753,10,1,5
2024-05-14 11:00:06,8,0.9398,11,1,5
2024-05-14 12:00:06,8,1.0,12,1,5
2024-05-14 13:00:06,8,1.0,13,1,5
2024-05-14 14:00:06,7,0.85,14,1,5
2024-05-14 15:00:06,8,1.0,15,1,5
2024-05-14 16:00:06,8,0.9872,16,1,5
2024-05-14 17:00:06,8,1.0,17,1,5
2024-05-14 18:00:06,8,1.0,18,1,5
2024-05-14 19:00:06,8,0.9398,19,1,5
2024-05-14 20:00:06,8,0.9745,20,1,5
2024-05-14 21:00:06,7,0.9363,21,1,5
2024-05-14 22:00:06,8,1.0,22,1,5
2024-05-14 23:00:06,8,1.0,23,1,5
2024-05-15 00:00:06,2,0.2771,0,2,5
2024-05-15 01:00:06,8,0.9951,1,2,5
2024-05-15 02:00:06,8,0.9433,2,2,5
2024-05-15 03:00:06,7,0.8789,3,2,5
2024-05-15 04:00:06,7,0.8557,4,2,5
2024-05-15 05:00:06,7,0.8733,5,2,5
2024-05-15 06:00:06,8,1.0,6,2,5
2024-05-15 07:00:06,8,1.0,7,2,5
2024-05-15 08:00:06,7,0.8735,8,2,5
2024-05-15 09:00:06,8,1.0,9,2,5
2024-05-15 10:00:06,8,0.9614,10,2,5
2024-05-15 11:00:06,8,1.0,11,2,5
2024-05-15 12:00:06,8,1.0,12,2,5
2024-05-15 13:00:06,8,1.0,13,2,5
2024-05-15 14:00:06,8,0.9785,14,2,5
2024-05-15 15:00:06,7,0.9287,15,2,5
2024-05-15 16:00:06,7,0.8279,16,2,5
2024-05-15 17:00:06,8,0.9425,17,2,5
2024-05-15 18:00:06,8,0.9831,18,2,5
2024-05-15 19:00:06,7,0.921,19,2,5
2024-05-15 20:00:06,8,0.9895,20,2,5
2024-05-15 21:00:06,8,1.0,21,2,5
2024-05-15 22:00:06,8,0.982,22,2,5
2024-05-15 23:00:06,8,0.948,23,2,5
2024-05-16 00:00:06,1,0.1385,0,3,5
2024-05-16 01:00:06,8,1.0,1,3,5
2024-05-16 02:00:06,7,0.9128,2,3,5
2024-05-16 03:00:06,8,1.0,3,3,5
2024-05-16 04:00:06,8,0.9921,4,3,5
2024-05-16 05:00:06,8,1.0,5,3,5
2024-05-16 06:00:06,8,1.0,6,3,5
2024-05-16 07:00:06,8,1.0,7,3,5
2024-05-16 08:00:06,8,1.0,8,3,5
2024-05-16 09:00:06,8,1.0,9,3,5
2024-05-16 10:00:06,8,0.951,10,3,5
2024-05-16 11:00:06,8,1.0,11,3,5
2024-05-16 12:00:06,7,0.9085,12,3,5
2024-05-16 13:00:06,8,1.0,13,3,5
2024-05-16 14:00:06,8,0.9973,14,3,5
2024-05-16 15:00:06,8,0.9834,15,3,5
2024-05-16 16:00:06,8,0.9897,16,3,5
2024-05-16 17:00:06,7,0.8495,17,3,5
2024-05-16 18:00:06,8,0.9561,18,3,5
2024-05-16 19:00:06,8,1.0,19,3,5
2024-05-16 20:00:06,8,1.0,20,3,5
2024-05-16 21:00:06,7,0.9178,21,3,5
2024-05-16 22:00:06,8,1.0,22,3,5
2024-05-16 23:00:06,7,0.9307,23,3,5
2024-05-17 00:00:06,2,0.2026,0,4,5
2024-05-17 01:00:06,8,1.0,1,4,5
2024-05-17 02:00:06,8,0.9483,2,4,5
2024-05-17 03:00:06,8,1.0,3,4,5
2024-05-17 04:00:06,7,0.9045,4,4,5
2024-05-17 05:00:06,8,1.0,5,4,5
2024-05-17 06:00:06,8,1.0,6,4,5
2024-05-17 07:00:06,8,0.9464,7,4,5
2024-05-17 08:00:06,8,1.0,8,4,5
2024-05-17 09:00:06,8,0.98,9,4,5
2024-05-17 10:00:06,8,1.0,10,4,5
2024-05-17 11:00:06,8,1.0,11,4,5
2024-05-17 12:00:06,8,0.9893,12,4,5
2024-05-17 13:00:06,8,1.0,13,4,5
2024-05-17 14:00:06,8,1.0,14,4,5
2024-05-17 15:00:06,7,0.8601,15,4,5
2024-05-17 16:00:06,8,1.0,16,4,5
2024-05-17 17:00:06,7,0.867,17,4,5
2024-05-17 18:00:06,8,1.0,18,4,5
2024-05-17 19:00:06,8,1.0,19,4,5
2024-05-17 20:00:06,7,0.9127,20,4,5
2024-05-17 21:00:06,8,0.9671,21,4,5
2024-05-17 22:00:06,7,0.9115,22,4,5
2024-05-17 23:00:06,8,0.9828,23,4,5
2024-05-18 00:00:06,1,0.1004,0,5,5
2024-05-18 01:00:06,8,1.0,1,5,5
2024-05-18 02:00:06,8,1.0,2,5,5
2024-05-18 03:00:06,8,1.0,3,5,5
2024-05-18 04:00:06,8,0.955,4,5,5
2024-05-18 05:00:06,8,0.9833,5,5,5
2024-05-18 06:00:06,7,0.8653,6,5,5
2024-05-18 07:00:06,7,0.9355,7,5,5
2024-05-18 08:00:06,8,1.0,8,5,5
2024-05-18 09:00:06,8,1.0,9,5,5
2024-05-18 10:00:06,7,0.9013,10,5,5
2024-05-18 11:00:06,8,0.9526,11,5,5
2024-05-18 12:00:06,8,0.9979,12,5,5
2024-05-18 13:00:06,8,1.0,13,5,5
2024-05-18 14:00:06,7,0.9352,14,5,5
2024-05-18 15:00:06,8,1.0,15,5,5
2024-05-18 16:00:06,8,0.9621,16,5,5
2024-05-18 17:00:06,8,0.9988,17,5,5
2024-05-18 18:00:06,8,1.0,18,5,5
2024-05-18 19:00:06,8,1.0,19,5,5
2024-05-18 20:00:06,8,0.9651,20,5,5
2024-05-18 21:00:06,8,0.9912,21,5,5
2024-05-18 22:00:06,8,0.9929,22,5,5
2024-05-18 23:00:06,8,0.9704,23,5,5
2024-05-19 00:00:06,1,0.1043,0,6,5
2024-05-19 01:00:06,8,1.0,1,6,5
2024-05-19 02:00:06,8,1.0,2,6,5
2024-05-19 03:00:06,8,0.9764,3,6,5
2024-05-19 04:00:06,8,1.0,4,6,5
2024-05-19 05:00:06,8,0.9733,5,6,5
2024-05-19 06:00:06,8,1.0,6,6,5
2024-05-19 07:00:06,8,1.0,7,6,5
2024-05-19 08:00:06,8,0.9914,8,6,5
2024-05-19 09:00:06,8,1.0,9,6,5
2024-05-19 10:00:06,7,0.8743,10,6,5
2024-05-19 11:00:06,7,0.9099,11,6,5
2024-05-19 12:00:06,7,0.9045,12,6,5
2024-05-19 13:00:06,8,1.0,13,6,5
2024-05-19 14:00:06,8,1.0,14,6,5
2024-05-19 15:00:06,8,1.0,15,6,5
2024-05-19 16:00:06,8,1.0,16,6,5
2024-05-19 17:00:06,8,1.0,17,6,5
2024-05-19 18:00:06,7,0.8559,18,6,5
2024-05-19 19:00:06,8,0.9566,19,6,5
2024-05-19 20:00:06,7,0.937,20,6,5
2024-05-19 21:00:06,8,0.9503,21,6,5
2024-05-19 22:00:06,8,0.9865,22,6,5
2024-05-19 23:00:06,8,0.9622,23,6,5
2024-05-20 00:00:06,1,0.1,0,0,5
2024-05-20 01:00:06,8,1.0,1,0,5
2024-05-20 02:00:06,7,0.9142,2,0,5
2024-05-20 03:00:06,8,1.0,3,0,5
2024-05-20 04:00:06,8,1.0,4,0,5
2024-05-20 05:00:06,7,0.9264,5,0,5
2024-05-20 06:00:06,6,0.7976,6,0,5
2024-05-20 07:00:06,8,0.9771,7,0,5
2024-05-20 08:00:06,8,1.0,8,0,5
2024-05-20 09:00:06,8,1.0,9,0,5
2024-05-20 10:00:06,7,0.9016,10,0,5
2024-05-20 11:00:06,8,1.0,11,0,5
2024-05-20 12:00:06,8,0.9628,12,0,5
2024-05-20 13:00:06,8,0.9915,13,0,5
2024-05-20 14:00:06,8,1.0,14,0,5
2024-05-20 15:00:06,7,0.8798,15,0,5
2024-05-20 16:00:06,8,1.0,16,0,5
2024-05-20 17:00:06,8,1.0,17,0,5
2024-05-20 18:00:06,8,1.0,18,0,5
2024-05-20 19:00:06,8,1.0,19,0,5
2024-05-20 20:00:06,8,1.0,20,0,5
2024-05-20 21:00:06,8,0.9687,21,0,5
2024-05-20 22:00:06,8,1.0,22,0,5
2024-05-20 23:00:06,8,0.9725,23,0,5
2024-05-21 00:00:06,1,0.1747,0,1,5
2024-05-21 01:00:06,8,0.9704,1,1,5
2024-05-21 02:00:06,8,1.0,2,1,5
2024-05-21 03:00:06,8,0.9977,3,1,5
2024-05-21 04:00:06,8,1.0,4,1,5
2024-05-21 05:00:06,8,0.9959,5,1,5
2024-05-21 06:00:06,7,0.8582,6,1,5
2024-05-21 07:00:06,8,1.0,7,1,5
2024-05-21 08:00:06,7,0.9275,8,1,5
2024-05-21 09:00:06,8,0.9477,9,1,5
2024-05-21 10:00:06,8,0.9523,10,1,5
2024-05-21 11:00:06,8,1.0,11,1,5
2024-05-21 12:00:06,7,0.8291,12,1,5
2024-05-21 13:00:06,8,1.0,13,1,5
2024-05-21 14:00:06,8,1.0,14,1,5
2024-05-21 15:00:06,8,1.0,15,1,5
2024-05-21 16:00:06,8,0.9956,16,1,5
2024-05-21 17:00:06,8,1.0,17,1,5
2024-05-21 18:00:06,8,1.0,18,1,5
2024-05-21 19:00:06,8,1.0,19,1,5
2024-05-21 20:00:06,8,1.0,20,1,5
2024-05-21 21:00:06,8,1.0,21,1,5
2024-05-21 22:00:06,8,0.9842,22,1,5
2024-05-21 23:00:06,8,0.9879,23,1,5
2024-05-22 00:00:06,1,0.1094,0,2,5
2024-05-22 01:00:06,8,1.0,1,2,5
2024-05-22 02:00:06,8,1.0,2,2,5
2024-05-22 03:00:06,6,0.7648,3,2,5
2024-05-22 04:00:06,8,1.0,4,2,5
2024-05-22 05:00:06,8,1.0,5,2,5
2024-05-22 06:00:06,8,0.9985,6,2,5
2024-05-22 07:00:06,8,0.9689,7,2,5
2024-05-22 08:00:06,8,1.0,8,2,5
2024-05-22 09:00:06,8,1.0,9,2,5
2024-05-22 10:00:06,8,0.9382,10,2,5
2024-05-22 11:00:06,8,1.0,11,2,5
2024-05-22 12:00:06,7,0.9223,12,2,5
2024-05-22 13:00:06,7,0.8896,13,2,5
2024-05-22 14:00:06,8,0.9499,14,2,5
2024-05-22 15:00:06,8,1.0,15,2,5
2024-05-22 16:00:06,8,1.0,16,2,5
2024-05-22 17:00:06,8,1.0,17,2,5
2024-05-22 18:00:06,8,1.0,18,2,5
2024-05-22 19:00:06,8,1.0,19,2,5
2024-05-22 20:00:06,8,0.9487,20,2,5
2024-05-22 21:00:06,8,1.0,21,2,5
2024-05-22 22:00:06,8,1.0,22,2,5
2024-05-22 23:00:06,8,1.0,23,2,5
2024-05-23 00:00:06,2,0.2201,0,3,5
2024-05-23 01:00:06,8,1.0,1,3,5
2024-05-23 02:00:06,8,1.0,2,3,5
2024-05-23 03:00:06,8,1.0,3,3,5
2024-05-23 04:00:06,8,0.9979,4,3,5
2024-05-23 05:00:06,7,0.9295,5,3,5
2024-05-23 06:00:06,8,0.987,6,3,5
2024-05-23 07:00:06,8,0.9404,7,3,5
2024-05-23 08:00:06,8,0.946,8,3,5
2024-05-23 09:00:06,8,0.9884,9,3,5
2024-05-23 10:00:06,7,0.9366,10,3,5
2024-05-23 11:00:06,8,0.9754,11,3,5
2024-05-23 12:00:06,7,0.8485,12,3,5
2024-05-23 13:00:06,8,1.0,13,3,5
2024-05-23 14:00:06,8,1.0,14,3,5
2024-05-23 15:00:06,7,0.9346,15,3,5
2024-05-23 16:00:06,8,1.0,16,3,5
2024-05-23 17:00:06,8,1.0,17,3,5
2024-05-23 18:00:06,7,0.8714,18,3,5
2024-05-23 19:00:06,8,0.939,19,3,5
2024-05-23 20:00:06,8,0.9385,20,3,5
2024-05-23 21:00:06,7,0.9248,21,3,5
2024-05-23 22:00:06,8,1.0,22,3,5
2024-05-23 23:00:06,8,0.9845,23,3,5
2024-05-24 00:00:06,1,0.1038,0,4,5
2024-05-24 01:00:06,7,0.8397,1,4,5
2024-05-24 02:00:06,8,1.0,2,4,5
2024-05-24 03:00:06,7,0.9009,3,4,5
2024-05-24 04:00:06,8,1.0,4,4,5
2024-05-24 05:00:06,8,1.0,5,4,5
2024-05-24 06:00:06,8,1.0,6,4,5
2024-05-24 07:00:06,7,0.8953,7,4,5
2024-05-24 08:00:06,6,0.7584,8,4,5
2024-05-24 09:00:06,8,1.0,9,4,5
2024-05-24 10:00:06,8,1.0,10,4,5
2024-05-24 11:00:06,8,1.0,11,4,5
2024-05-24 12:00:06,8,1.0,12,4,5
2024-05-24 13:00:06,8,0.9607,13,4,5
2024-05-24 14:00:06,8,1.0,14,4,5
2024-05-24 15:00:06,7,0.9221,15,4,5
2024-05-24 16:00:06,8,1.0,16,4,5
2024-05-24 17:00:06,8,1.0,17,4,5
2024-05-24 18:00:06,8,1.0,18,4,5
2024-05-24 19:00:06,8,1.0,19,4,5
2024-05-24 20:00:06,8,1.0,20,4,5
2024-05-24 21:00:06,8,0.9593,21,4,5
2024-05-24 22:00:06,8,0.998,22,4,5
2024-05-24 23:00:06,7,0.8585,23,4,5
2024-05-25 00:00:06,1,0.1,0,5,5
2024-05-25 01:00:06,8,0.9673,1,5,5
2024-05-25 02:00:06,8,0.9581,2,5,5
2024-05-25 03:00:06,8,1.0,3,5,5
2024-05-25 04:00:06,7,0.9342,4,5,5
2024-05-25 05:00:06,8,1.0,5,5,5
2024-05-25 06:00:06,8,1.0,6,5,5
2024-05-25 07:00:06,8,0.9993,7,5,5
2024-05-25 08:00:06,8,0.9738,8,5,5
2024-05-25 09:00:06,8,1.0,9,5,5
2024-05-25 10:00:06,8,1.0,10,5,5
2024-05-25 11:00:06,7,0.9306,11,5,5
2024-05-25 12:00:06,8,0.9474,12,5,5
2024-05-25 13:00:06,8,0.9757,13,5,5
2024-05-25 14:00:06,7,0.8923,14,5,5
2024-05-25 15:00:06,7,0.9345,15,5,5
2024-05-25 16:00:06,8,0.9619,16,5,5
2024-05-25 17:00:06,8,1.0,17,5,5
2024-05-25 18:00:06,8,1.0,18,5,5
2024-05-25 19:00:06,8,1.0,19,5,5
2024-05-25 20:00:06,8,1.0,20,5,5
2024-05-25 21:00:06,8,0.989,21,5,5
2024-05-25 22:00:06,8,1.0,22,5,5
2024-05-25 23:00:06,8,0.9917,23,5,5
2024-05-26 00:00:06,1,0.1462,0,6,5
2024-05-26 01:00:06,8,0.9534,1,6,5
2024-05-26 02:00:06,6,0.8049,2,6,5
2024-05-26 03:00:06,8,0.9893,3,6,5
2024-05-26 04:00:06,8,1.0,4,6,5
2024-05-26 05:00:06,8,1.0,5,6,5
2024-05-26 06:00:06,8,1.0,6,6,5
2024-05-26 07:00:06,8,1.0,7,6,5
2024-05-26 08:00:06,8,1.0,8,6,5
2024-05-26 09:00:06,8,1.0,9,6,5
2024-05-26 10:00:06,8,0.9506,10,6,5
2024-05-26 11:00:06,8,0.9747,11,6,5
2024-05-26 12:00:06,8,1.0,12,6,5
2024-05-26 13:00:06,8,1.0,13,6,5
2024-05-26 14:00:06,8,0.9888,14,6,5
2024-05-26 15:00:06,8,0.964,15,6,5
2024-05-26 16:00:06,8,1.0,16,6,5
2024-05-26 17:00:06,8,1.0,17,6,5
2024-05-26 18:00:06,7,0.8845,18,6,5
2024-05-26 19:00:06,7,0.8163,19,6,5
2024-05-26 20:00:06,8,0.956,20,6,5
2024-05-26 21:00:06,7,0.9023,21,6,5
2024-05-26 22:00:06,8,0.9593,22,6,5
2024-05-26 23:00:06,8,0.9882,23,6,5
2024-05-27 00:00:06,1,0.1,0,0,5
2024-05-27 01:00:06,8,1.0,1,0,5
2024-05-27 02:00:06,8,1.0,2,0,5
2024-05-27 03:00:06,8,1.0,3,0,5
2024-05-27 04:00:06,8,1.0,4,0,5
2024-05-27 05:00:06,7,0.9089,5,0,5
2024-05-27 06:00:06,8,1.0,6,0,5
2024-05-27 07:00:06,8,0.9939,7,0,5
2024-05-27 08:00:06,8,1.0,8,0,5
2024-05-27 09:00:06,7,0.9143,9,0,5
2024-05-27 10:00:06,7,0.8757,10,0,5
2024-05-27 11:00:06,8,1.0,11,0,5
2024-05-27 12:00:06,8,1.0,12,0,5
2024-05-27 13:00:06,7,0.9278,13,0,5
2024-05-27 14:00:06,7,0.9304,14,0,5
2024-05-27 15:00:06,8,1.0,15,0,5
2024-05-27 16:00:06,7,0.9048,16,0,5
2024-05-27 17:00:06,8,1.0,17,0,5
2024-05-27 18:00:06,7,0.928,18,0,5
2024-05-27 19:00:06,8,1.0,19,0,5
2024-05-27 20:00:06,8,0.9737,20,0,5
2024-05-27 21:00:06,8,1.0,21,0,5
2024-05-27 22:00:06,8,0.9565,22,0,5
2024-05-27 23:00:06,8,0.987,23,0,5
2024-05-28 00:00:06,1,0.1283,0,1,5
2024-05-28 01:00:06,7,0.9198,1,1,5
2024-05-28 02:00:06,8,1.0,2,1,5
2024-05-28 03:00:06,8,0.9589,3,1,5
2024-05-28 04:00:06,8,0.9817,4,1,5
2024-05-28 05:00:06,7,0.9205,5,1,5
2024-05-28 06:00:06,6,0.795,6,1,5
2024-05-28 07:00:06,8,0.9847,7,1,5
2024-05-28 08:00:06,8,1.0,8,1,5
2024-05-28 09:00:06,8,1.0,9,1,5
2024-05-28 10:00:06,8,0.9985,10,1,5
2024-05-28 11:00:06,8,0.979,11,1,5
2024-05-28 12:00:06,8,1.0,12,1,5
2024-05-28 13:00:06,8,1.0,13,1,5
2024-05-28 14:00:06,7,0.9055,14,1,5
2024-05-28 15:00:06,8,1.0,15,1,5
2024-05-28 16:00:06,8,1.0,16,1,5
2024-05-28 17:00:06,8,1.0,17,1,5
2024-05-28 18:00:06,8,1.0,18,1,5
2024-05-28 19:00:06,8,1.0,19,1,5
2024-05-28 20:00:06,8,1.0,20,1,5
2024-05-28 21:00:06,8,1.0,21,1,5
2024-05-28 22:00:06,8,0.9717,22,1,5
2024-05-28 23:00:06,8,0.9541,23,1,5
2024-05-29 00:00:06,1,0.1331,0,2,5
2024-05-29 01:00:06,8,1.0,1,2,5
2024-05-29 02:00:06,7,0.9009,2,2,5
2024-05-29 03:00:06,7,0.8826,3,2,5
2024-05-29 04:00:06,8,1.0,4,2,5
2024-05-29 05:00:06,8,1.0,5,2,5
2024-05-29 06:00:06,8,1.0,6,2,5
2024-05-29 07:00:06,8,1.0,7,2,5
2024-05-29 08:00:06,8,0.9821,8,2,5
2024-05-29 09:00:06,8,1.0,9,2,5
2024-05-29 10:00:06,7,0.8719,10,2,5
2024-05-29 11:00:06,7,0.9337,11,2,5
2024-05-29 12:00:06,8,0.9917,12,2,5
2024-05-29 13:00:06,7,0.8685,13,2,5
2024-05-29 14:00:06,8,0.9859,14,2,5
2024-05-29 15:00:06,8,1.0,15,2,5
2024-05-29 16:00:06,8,1.0,16,2,5
2024-05-29 17:00:06,8,1.0,17,2,5
2024-05-29 18:00:06,7,0.8992,18,2,5
2024-05-29 19:00:06,8,0.9507,19,2,5
2024-05-29 20:00:06,8,0.97,20,2,5
2024-05-29 21:00:06,8,0.9746,21,2,5
2024-05-29 22:00:06,8,1.0,22,2,5
2024-05-29 23:00:06,8,1.0,23,2,5
